Order Date,Product Name,Category,Region,Quantity,Sales,Profit
12/31/2024,Printer,Office,North,4,3640.00,348.93
11/27/2022,Mouse,Accessories,East,7,1197.00,106.53
5/11/2022,Tablet,Electronics,South,5,5865.00,502.73
3/16/2024,Mouse,Accessories,South,2,786.00,202.87
9/10/2022,Mouse,Accessories,West,1,509.00,103.28
12/1/2023,Camera,Electronics,West,1,524.00,106.35
10/9/2023,Headphones,Accessories,North,7,6167.00,1027.98
1/14/2022,Camera,Electronics,South,7,3059.00,873.50
4/2/2022,Smartwatch,Electronics,East,9,5526.00,595.28
10/22/2024,Printer,Office,South,8,672.00,186.37
12/4/2023,Monitor,Accessories,South,6,7074.00,1357.68
9/27/2022,Smartwatch,Electronics,East,2,502.00,137.40
12/21/2023,Tablet,Electronics,North,7,7462.00,2166.17
2/3/2024,Smartphone,Electronics,West,5,4205.00,585.29
10/10/2023,Camera,Electronics,West,1,570.00,138.54
10/16/2022,Headphones,Accessories,East,1,441.00,102.42
5/15/2022,Mouse,Accessories,North,7,7469.00,589.81
2/11/2023,Tablet,Electronics,South,2,2212.00,145.75
12/27/2023,Tablet,Electronics,East,5,740.00,146.39
10/5/2023,Headphones,Accessories,North,1,662.00,193.92
3/5/2024,Mouse,Accessories,North,7,5712.00,651.27
7/18/2023,Smartwatch,Electronics,North,3,2739.00,572.73
6/25/2023,Keyboard,Accessories,West,5,1400.00,213.63
11/13/2023,Printer,Office,North,3,3477.00,939.20
7/9/2022,Camera,Electronics,North,5,3475.00,570.36
12/11/2023,Laptop,Electronics,West,9,6138.00,1562.14
3/18/2023,Camera,Electronics,West,5,3665.00,406.93
8/9/2024,Printer,Office,North,2,2372.00,206.42
5/4/2024,Laptop,Electronics,North,2,1382.00,211.11
9/4/2022,Laptop,Electronics,West,1,1126.00,194.08
10/21/2022,Printer,Office,West,8,1376.00,152.10
1/22/2024,Mouse,Accessories,West,4,988.00,147.91
4/9/2023,Laptop,Electronics,North,9,10773.00,1907.36
2/7/2023,Headphones,Accessories,South,4,3252.00,713.46
5/4/2023,Headphones,Accessories,North,3,2739.00,202.81
4/18/2023,Tablet,Electronics,South,7,2709.00,702.79
12/12/2022,Printer,Office,West,3,936.00,201.24
9/11/2022,Camera,Electronics,West,4,3720.00,410.92
3/26/2024,Mouse,Accessories,West,5,5320.00,716.91
9/20/2023,Headphones,Accessories,East,4,804.00,121.51
5/25/2023,Laptop,Electronics,North,8,1224.00,246.77
12/4/2022,Headphones,Accessories,South,9,8667.00,781.78
6/10/2022,Monitor,Accessories,West,3,3018.00,320.11
2/5/2023,Laptop,Electronics,West,5,4325.00,1023.39
1/20/2024,Laptop,Electronics,South,3,1557.00,181.08
1/27/2022,Monitor,Accessories,South,6,3672.00,1002.50
3/29/2023,Mouse,Accessories,West,1,333.00,72.34
1/17/2022,Headphones,Accessories,West,4,2384.00,577.26
11/26/2024,Mouse,Accessories,West,6,888.00,210.39
9/19/2024,Laptop,Electronics,West,5,3280.00,954.17
7/20/2023,Mouse,Accessories,South,7,1239.00,177.39
5/3/2024,Headphones,Accessories,East,8,5880.00,436.85
9/3/2022,Smartphone,Electronics,West,2,1668.00,437.30
7/9/2024,Printer,Office,West,7,4109.00,1037.64
11/17/2022,Smartwatch,Electronics,West,7,595.00,148.50
12/28/2023,Headphones,Accessories,East,7,8155.00,1587.91
5/30/2022,Monitor,Accessories,South,3,1872.00,553.10
4/17/2024,Smartwatch,Electronics,East,6,2124.00,126.03
9/30/2024,Monitor,Accessories,West,5,5210.00,1338.80
6/2/2024,Mouse,Accessories,South,7,5761.00,362.48
9/26/2022,Headphones,Accessories,South,7,6895.00,1596.35
12/17/2024,Smartwatch,Electronics,East,3,2118.00,317.08
10/9/2024,Smartwatch,Electronics,North,5,830.00,58.28
7/14/2023,Smartwatch,Electronics,North,1,851.00,93.56
12/5/2023,Tablet,Electronics,East,5,4730.00,1365.63
6/3/2022,Mouse,Accessories,West,6,5460.00,845.75
12/28/2024,Headphones,Accessories,East,5,5795.00,310.60
8/6/2022,Laptop,Electronics,South,4,2008.00,338.44
6/6/2023,Mouse,Accessories,South,7,2842.00,425.24
2/1/2024,Mouse,Accessories,East,4,3404.00,392.22
5/31/2023,Smartwatch,Electronics,West,1,1065.00,228.63
6/14/2024,Tablet,Electronics,West,7,2149.00,121.69
8/14/2024,Keyboard,Accessories,East,8,5912.00,1143.04
2/1/2023,Mouse,Accessories,West,3,3348.00,331.28
4/28/2024,Smartphone,Electronics,South,3,2409.00,531.79
4/5/2024,Tablet,Electronics,North,2,328.00,39.51
1/31/2024,Smartphone,Electronics,West,8,6224.00,1561.42
1/9/2024,Smartwatch,Electronics,North,5,2530.00,486.09
4/6/2022,Headphones,Accessories,West,4,4108.00,462.17
5/22/2024,Printer,Office,South,5,1640.00,391.36
12/30/2023,Laptop,Electronics,South,1,111.00,19.33
3/17/2022,Headphones,Accessories,North,1,445.00,128.89
5/24/2022,Printer,Office,North,4,3600.00,623.72
6/9/2024,Mouse,Accessories,North,3,1335.00,176.44
12/1/2024,Keyboard,Accessories,South,5,3090.00,242.15
10/20/2023,Printer,Office,East,5,3910.00,538.52
3/5/2024,Camera,Electronics,South,1,219.00,32.67
12/5/2022,Smartphone,Electronics,West,5,390.00,27.77
8/5/2022,Laptop,Electronics,North,6,3294.00,359.61
3/21/2023,Keyboard,Accessories,West,4,4572.00,1038.05
2/8/2022,Monitor,Accessories,South,7,980.00,109.94
4/1/2023,Headphones,Accessories,North,2,2262.00,532.12
12/14/2022,Camera,Electronics,South,7,7518.00,1655.91
5/14/2022,Camera,Electronics,South,1,873.00,158.97
2/16/2022,Mouse,Accessories,North,6,1512.00,423.03
8/28/2024,Laptop,Electronics,West,1,705.00,165.16
10/30/2023,Smartwatch,Electronics,North,8,3256.00,533.70
6/24/2023,Tablet,Electronics,West,4,556.00,81.77
5/17/2023,Mouse,Accessories,East,9,7101.00,2105.82
4/6/2023,Laptop,Electronics,West,9,8802.00,1344.96
3/26/2023,Headphones,Accessories,South,6,5592.00,1294.16
10/12/2024,Tablet,Electronics,North,2,1852.00,168.92
6/26/2022,Monitor,Accessories,East,1,195.00,57.88
4/15/2022,Mouse,Accessories,East,9,7884.00,2054.02
12/10/2023,Laptop,Electronics,East,5,4360.00,1160.55
9/23/2024,Mouse,Accessories,North,6,4920.00,929.18
1/1/2022,Mouse,Accessories,East,3,3474.00,565.00
2/3/2022,Keyboard,Accessories,West,1,930.00,222.50
3/14/2023,Tablet,Electronics,South,7,1421.00,248.02
8/24/2022,Headphones,Accessories,North,2,634.00,161.10
7/7/2024,Camera,Electronics,East,1,673.00,114.42
4/13/2022,Mouse,Accessories,South,5,3135.00,787.70
5/8/2024,Smartphone,Electronics,East,6,882.00,184.48
9/10/2024,Smartphone,Electronics,East,4,1192.00,212.77
6/18/2024,Printer,Office,South,3,390.00,112.08
9/10/2024,Tablet,Electronics,North,1,834.00,95.54
5/6/2022,Smartphone,Electronics,East,6,612.00,83.75
6/18/2024,Headphones,Accessories,West,9,8073.00,710.23
10/29/2023,Keyboard,Accessories,North,8,2640.00,723.88
11/13/2023,Smartphone,Electronics,North,3,3234.00,440.70
8/21/2022,Monitor,Accessories,West,5,4435.00,355.51
3/4/2024,Smartwatch,Electronics,North,2,2302.00,305.07
4/17/2022,Camera,Electronics,East,6,1728.00,307.44
12/20/2023,Laptop,Electronics,East,4,228.00,54.05
3/19/2022,Tablet,Electronics,West,6,3450.00,705.74
7/7/2024,Smartphone,Electronics,South,8,7456.00,1702.48
4/30/2023,Smartphone,Electronics,West,6,4728.00,705.85
3/22/2024,Smartwatch,Electronics,North,7,945.00,124.62
3/8/2022,Laptop,Electronics,North,4,296.00,65.05
9/15/2023,Smartphone,Electronics,West,4,640.00,149.89
3/1/2023,Tablet,Electronics,North,1,797.00,65.27
10/24/2023,Monitor,Accessories,North,4,1456.00,431.89
4/22/2024,Monitor,Accessories,South,6,4038.00,364.11
6/27/2023,Tablet,Electronics,West,7,5656.00,355.81
4/13/2023,Mouse,Accessories,West,4,3876.00,302.37
5/19/2023,Keyboard,Accessories,South,6,1002.00,114.70
11/15/2024,Headphones,Accessories,East,9,2187.00,413.76
12/25/2023,Mouse,Accessories,North,6,7146.00,1627.42
3/31/2022,Keyboard,Accessories,South,1,189.00,14.88
4/24/2024,Monitor,Accessories,East,5,940.00,266.02
1/10/2022,Headphones,Accessories,North,1,951.00,127.58
11/17/2022,Printer,Office,East,2,124.00,27.42
6/29/2024,Mouse,Accessories,West,9,7506.00,594.28
11/14/2022,Monitor,Accessories,West,7,8176.00,2308.76
8/11/2023,Smartphone,Electronics,East,5,2125.00,632.68
5/22/2024,Headphones,Accessories,North,1,967.00,59.98
3/19/2022,Headphones,Accessories,South,5,270.00,29.41
10/23/2022,Keyboard,Accessories,West,9,10035.00,1486.30
2/26/2023,Printer,Office,North,8,6792.00,1125.23
10/3/2024,Printer,Office,East,1,714.00,99.13
7/17/2022,Smartphone,Electronics,South,5,765.00,157.64
11/4/2024,Headphones,Accessories,East,7,4221.00,358.02
2/24/2023,Laptop,Electronics,North,4,2108.00,576.48
8/8/2024,Monitor,Accessories,North,9,10530.00,2387.63
5/14/2024,Keyboard,Accessories,South,6,3396.00,914.17
1/15/2022,Monitor,Accessories,North,4,1060.00,213.05
5/10/2022,Tablet,Electronics,East,5,480.00,73.07
3/10/2022,Headphones,Accessories,West,3,2529.00,285.65
1/23/2022,Smartwatch,Electronics,East,8,4792.00,511.97
9/19/2024,Smartwatch,Electronics,East,8,8056.00,605.80
6/6/2024,Tablet,Electronics,North,4,4228.00,947.76
10/10/2024,Tablet,Electronics,East,1,653.00,93.78
3/24/2024,Tablet,Electronics,North,9,7452.00,1212.51
7/21/2023,Mouse,Accessories,East,4,4128.00,1156.71
7/21/2022,Tablet,Electronics,West,5,5090.00,1201.56
9/1/2022,Camera,Electronics,North,5,4930.00,387.33
4/20/2023,Smartwatch,Electronics,South,6,2610.00,434.37
12/11/2023,Laptop,Electronics,North,3,2139.00,415.84
9/29/2024,Tablet,Electronics,South,1,226.00,55.40
11/20/2023,Smartwatch,Electronics,West,2,2244.00,212.08
7/15/2023,Monitor,Accessories,East,6,3150.00,578.87
12/24/2023,Laptop,Electronics,South,7,3388.00,347.19
8/13/2023,Laptop,Electronics,East,8,8736.00,580.31
4/24/2022,Smartphone,Electronics,South,2,1102.00,176.53
7/13/2024,Monitor,Accessories,East,3,2640.00,199.97
6/11/2022,Printer,Office,West,3,2547.00,300.74
10/28/2024,Laptop,Electronics,North,7,728.00,64.82
11/24/2022,Camera,Electronics,South,7,3444.00,607.44
10/3/2024,Camera,Electronics,West,5,3140.00,853.66
3/24/2024,Smartphone,Electronics,East,3,435.00,129.27
6/28/2024,Keyboard,Accessories,East,4,856.00,72.99
5/31/2022,Printer,Office,North,2,112.00,23.33
3/25/2024,Headphones,Accessories,North,3,2247.00,507.79
1/31/2023,Keyboard,Accessories,West,2,1512.00,298.73
6/23/2024,Mouse,Accessories,South,5,4915.00,1196.60
8/16/2023,Mouse,Accessories,South,3,2709.00,663.54
6/10/2023,Tablet,Electronics,North,7,1239.00,118.36
5/9/2023,Tablet,Electronics,West,2,572.00,86.16
5/8/2022,Smartwatch,Electronics,North,2,1708.00,93.25
11/6/2024,Smartwatch,Electronics,North,4,360.00,42.66
12/8/2022,Camera,Electronics,North,6,3822.00,388.34
9/25/2022,Camera,Electronics,North,6,4680.00,932.97
7/10/2024,Camera,Electronics,North,5,2520.00,487.18
3/29/2024,Smartwatch,Electronics,North,2,2138.00,619.29
1/11/2022,Keyboard,Accessories,West,3,2529.00,169.60
4/8/2022,Keyboard,Accessories,East,1,236.00,29.33
1/21/2024,Tablet,Electronics,West,6,2730.00,636.48
4/27/2023,Headphones,Accessories,North,3,3021.00,872.49
11/6/2024,Smartwatch,Electronics,North,2,244.00,16.78
5/11/2022,Camera,Electronics,South,8,728.00,120.06
10/2/2022,Mouse,Accessories,North,3,453.00,89.49
1/12/2022,Laptop,Electronics,South,1,379.00,84.38
1/9/2023,Tablet,Electronics,West,3,2130.00,510.69
5/4/2023,Monitor,Accessories,North,8,4120.00,710.11
9/7/2024,Smartwatch,Electronics,South,7,3150.00,299.70
5/17/2022,Smartwatch,Electronics,East,7,2688.00,603.07
8/17/2023,Tablet,Electronics,East,2,1752.00,501.19
9/7/2023,Keyboard,Accessories,North,7,7308.00,948.40
5/11/2022,Tablet,Electronics,North,3,2007.00,160.84
5/12/2023,Tablet,Electronics,West,7,7224.00,479.23
5/8/2023,Monitor,Accessories,South,9,6939.00,1249.31
2/18/2023,Smartphone,Electronics,East,7,5516.00,1475.67
1/29/2022,Printer,Office,South,2,2224.00,116.47
1/12/2023,Laptop,Electronics,South,5,3985.00,824.40
1/3/2022,Camera,Electronics,North,7,2723.00,638.26
10/20/2022,Tablet,Electronics,North,2,746.00,170.75
8/21/2024,Laptop,Electronics,West,5,3170.00,245.25
12/11/2023,Smartwatch,Electronics,East,5,550.00,63.11
8/14/2022,Tablet,Electronics,North,8,480.00,132.45
6/3/2024,Printer,Office,East,4,3284.00,354.40
1/23/2024,Smartwatch,Electronics,South,2,1748.00,183.75
11/20/2023,Headphones,Accessories,North,8,824.00,240.84
3/3/2022,Headphones,Accessories,North,4,1872.00,448.46
2/20/2024,Tablet,Electronics,West,3,627.00,103.98
8/9/2024,Camera,Electronics,East,9,5661.00,1104.02
6/19/2022,Camera,Electronics,North,3,2910.00,765.47
9/1/2024,Tablet,Electronics,South,9,9036.00,1087.46
8/30/2024,Tablet,Electronics,West,5,4815.00,338.31
8/12/2022,Mouse,Accessories,South,1,1187.00,206.28
8/4/2022,Headphones,Accessories,East,3,3339.00,732.92
2/20/2024,Tablet,Electronics,East,1,620.00,165.43
2/26/2023,Camera,Electronics,West,5,2025.00,414.42
11/20/2024,Printer,Office,East,5,3030.00,811.92
8/12/2023,Smartwatch,Electronics,North,5,655.00,166.69
1/17/2022,Printer,Office,West,2,2238.00,294.54
4/12/2023,Smartphone,Electronics,South,8,3312.00,811.31
7/26/2023,Printer,Office,East,9,9387.00,1271.64
1/1/2024,Mouse,Accessories,West,6,5790.00,1285.21
12/6/2023,Laptop,Electronics,South,6,2700.00,527.97
12/5/2023,Smartwatch,Electronics,East,8,2072.00,555.06
10/27/2024,Keyboard,Accessories,North,3,2991.00,716.54
8/4/2024,Laptop,Electronics,East,6,5568.00,958.59
2/1/2023,Smartwatch,Electronics,North,7,5509.00,1648.74
6/2/2024,Printer,Office,West,7,5922.00,1323.10
4/28/2024,Smartphone,Electronics,South,4,4380.00,362.81
3/25/2022,Tablet,Electronics,South,5,1760.00,272.68
10/5/2024,Headphones,Accessories,North,9,5571.00,1523.81
12/19/2024,Tablet,Electronics,South,2,1082.00,182.10
7/18/2022,Camera,Electronics,East,1,569.00,138.11
6/11/2023,Mouse,Accessories,North,8,3416.00,697.42
10/13/2024,Printer,Office,West,1,570.00,57.07
8/7/2023,Monitor,Accessories,East,6,3300.00,386.92
12/4/2022,Laptop,Electronics,South,8,2584.00,568.77
2/18/2024,Monitor,Accessories,South,9,7650.00,2204.44
12/5/2024,Headphones,Accessories,West,8,3600.00,272.51
12/15/2023,Monitor,Accessories,West,6,846.00,190.87
8/12/2023,Smartphone,Electronics,West,1,51.00,9.36
5/20/2024,Smartwatch,Electronics,South,6,7056.00,586.91
6/5/2024,Smartwatch,Electronics,West,2,384.00,38.41
1/9/2022,Laptop,Electronics,South,8,2928.00,663.54
12/17/2023,Camera,Electronics,West,7,1904.00,352.86
9/8/2022,Tablet,Electronics,East,2,2314.00,312.07
1/22/2022,Printer,Office,South,4,1028.00,192.13
9/4/2024,Headphones,Accessories,South,9,8307.00,1326.23
1/20/2024,Printer,Office,West,9,1539.00,203.54
11/3/2022,Tablet,Electronics,West,7,2506.00,537.98
7/3/2023,Smartphone,Electronics,West,6,5778.00,1232.54
1/25/2024,Tablet,Electronics,East,9,10188.00,2165.78
5/11/2024,Monitor,Accessories,North,1,952.00,157.70
1/2/2024,Smartwatch,Electronics,West,8,3624.00,750.86
2/24/2023,Keyboard,Accessories,South,8,7968.00,1551.12
7/20/2024,Mouse,Accessories,South,2,1254.00,250.09
6/14/2023,Printer,Office,West,3,705.00,196.05
4/10/2022,Mouse,Accessories,West,1,916.00,223.50
10/1/2024,Printer,Office,North,2,848.00,129.96
5/10/2022,Monitor,Accessories,East,8,2240.00,313.17
1/28/2022,Monitor,Accessories,South,1,940.00,120.35
4/5/2023,Headphones,Accessories,West,5,1550.00,203.51
9/22/2023,Keyboard,Accessories,South,7,2352.00,256.40
8/29/2024,Smartwatch,Electronics,North,9,1638.00,183.75
11/18/2023,Camera,Electronics,North,6,7164.00,1442.72
9/12/2023,Mouse,Accessories,East,1,205.00,54.54
5/26/2023,Keyboard,Accessories,North,2,766.00,49.23
4/30/2023,Keyboard,Accessories,North,1,168.00,17.84
11/1/2024,Mouse,Accessories,South,1,1058.00,207.55
5/6/2022,Keyboard,Accessories,South,5,1455.00,423.81
5/10/2023,Camera,Electronics,East,2,2224.00,364.04
11/4/2022,Smartphone,Electronics,West,7,1400.00,80.49
5/9/2022,Smartphone,Electronics,East,7,7567.00,2213.18
11/7/2022,Tablet,Electronics,East,6,3396.00,987.68
8/11/2023,Smartwatch,Electronics,East,2,704.00,135.63
10/21/2024,Tablet,Electronics,East,9,7767.00,2172.19
10/6/2024,Mouse,Accessories,West,5,2050.00,157.13
8/8/2023,Monitor,Accessories,North,9,10458.00,2799.48
1/19/2022,Camera,Electronics,South,4,4700.00,619.26
4/30/2024,Smartphone,Electronics,North,2,892.00,222.51
12/26/2023,Laptop,Electronics,East,8,6968.00,1479.09
4/7/2024,Laptop,Electronics,North,7,1344.00,300.88
10/18/2022,Camera,Electronics,West,1,354.00,65.99
4/21/2024,Monitor,Accessories,South,3,3051.00,662.23
3/26/2024,Camera,Electronics,South,3,402.00,106.87
10/31/2022,Monitor,Accessories,North,5,3570.00,517.82
3/3/2023,Keyboard,Accessories,North,7,3829.00,876.35
2/3/2023,Mouse,Accessories,North,7,4676.00,242.64
4/15/2023,Keyboard,Accessories,East,3,1119.00,317.36
5/9/2023,Smartphone,Electronics,East,4,4228.00,764.30
1/2/2022,Headphones,Accessories,North,8,1240.00,251.20
11/28/2024,Keyboard,Accessories,North,9,3591.00,342.18
2/5/2022,Printer,Office,West,8,3952.00,451.08
6/5/2024,Keyboard,Accessories,South,6,3648.00,1050.08
11/15/2024,Monitor,Accessories,North,5,3875.00,768.74
11/13/2023,Smartwatch,Electronics,West,8,3416.00,478.90
2/19/2022,Tablet,Electronics,West,1,908.00,222.58
5/6/2024,Headphones,Accessories,South,4,4532.00,987.32
8/4/2023,Headphones,Accessories,East,4,4168.00,650.15
9/23/2023,Laptop,Electronics,North,3,3543.00,941.37
9/14/2024,Laptop,Electronics,East,6,5124.00,1078.57
3/17/2023,Smartwatch,Electronics,South,9,5751.00,1196.23
9/29/2023,Camera,Electronics,East,2,624.00,139.64
12/1/2023,Camera,Electronics,South,1,508.00,151.29
9/13/2023,Headphones,Accessories,South,4,4700.00,914.60
3/14/2022,Keyboard,Accessories,West,8,3216.00,639.78
7/15/2023,Laptop,Electronics,West,6,2844.00,581.00
5/29/2022,Smartphone,Electronics,West,5,2385.00,258.60
1/16/2023,Monitor,Accessories,South,8,928.00,170.05
9/6/2023,Headphones,Accessories,North,6,4656.00,673.35
3/29/2023,Headphones,Accessories,North,2,330.00,21.46
11/1/2023,Camera,Electronics,North,7,1799.00,274.11
8/25/2022,Printer,Office,East,1,1029.00,173.61
12/30/2022,Headphones,Accessories,North,8,5432.00,1619.39
9/4/2024,Camera,Electronics,West,5,5785.00,1191.11
1/8/2024,Printer,Office,North,1,1062.00,272.42
12/27/2022,Keyboard,Accessories,North,1,163.00,22.07
4/14/2024,Smartphone,Electronics,West,9,9162.00,1625.62
2/10/2023,Printer,Office,East,4,1440.00,130.24
7/15/2023,Monitor,Accessories,South,5,1465.00,149.62
10/27/2024,Monitor,Accessories,West,2,366.00,31.23
7/19/2024,Camera,Electronics,South,5,3135.00,277.28
3/3/2024,Keyboard,Accessories,North,2,630.00,161.04
4/12/2024,Monitor,Accessories,South,1,213.00,42.94
6/20/2024,Monitor,Accessories,North,4,3792.00,1092.85
6/21/2023,Mouse,Accessories,East,2,1932.00,109.07
1/25/2023,Keyboard,Accessories,West,4,4152.00,317.28
2/17/2024,Smartphone,Electronics,North,7,3612.00,529.57
9/9/2024,Smartphone,Electronics,East,2,2258.00,280.76
7/9/2022,Camera,Electronics,South,3,594.00,47.73
9/1/2023,Headphones,Accessories,West,7,8071.00,1799.06
3/30/2024,Keyboard,Accessories,North,7,5838.00,631.45
12/22/2024,Keyboard,Accessories,North,4,692.00,181.31
9/8/2024,Keyboard,Accessories,South,3,1704.00,309.06
1/21/2023,Printer,Office,South,5,3235.00,941.24
10/12/2023,Mouse,Accessories,East,6,4746.00,545.57
8/1/2022,Smartwatch,Electronics,South,8,7600.00,788.88
11/3/2023,Smartphone,Electronics,West,5,1935.00,128.01
12/4/2023,Laptop,Electronics,North,3,1638.00,306.29
6/30/2023,Keyboard,Accessories,West,7,4746.00,816.60
2/1/2023,Smartphone,Electronics,North,8,4824.00,1187.93
5/9/2022,Camera,Electronics,South,1,1193.00,153.72
12/16/2023,Laptop,Electronics,East,2,562.00,92.94
3/20/2022,Smartphone,Electronics,North,8,6200.00,1296.84
7/28/2024,Printer,Office,North,8,4128.00,315.48
3/28/2022,Printer,Office,East,5,5405.00,326.56
11/6/2024,Laptop,Electronics,North,3,1371.00,104.66
1/1/2023,Keyboard,Accessories,West,5,1405.00,194.33
3/18/2023,Keyboard,Accessories,North,3,1644.00,158.32
9/18/2024,Mouse,Accessories,West,6,3414.00,396.92
8/19/2024,Laptop,Electronics,East,8,3272.00,674.57
6/18/2022,Smartphone,Electronics,North,3,2655.00,646.91
5/29/2022,Smartwatch,Electronics,West,7,1673.00,458.32
6/9/2022,Tablet,Electronics,East,2,846.00,145.09
5/3/2023,Smartphone,Electronics,East,1,985.00,196.64
11/17/2023,Smartwatch,Electronics,North,9,7551.00,894.40
2/8/2022,Tablet,Electronics,North,5,855.00,217.16
10/23/2023,Camera,Electronics,South,2,396.00,94.55
8/24/2022,Tablet,Electronics,West,8,2296.00,560.48
5/9/2024,Monitor,Accessories,North,6,1704.00,199.94
3/12/2023,Smartphone,Electronics,East,2,1180.00,261.16
10/5/2022,Smartphone,Electronics,East,3,411.00,55.73
1/19/2022,Mouse,Accessories,East,1,745.00,151.22
5/9/2022,Printer,Office,West,9,10656.00,961.30
5/23/2024,Mouse,Accessories,South,3,1494.00,178.50
7/11/2024,Camera,Electronics,South,5,1755.00,358.01
8/22/2022,Camera,Electronics,South,9,4941.00,894.52
11/3/2024,Smartwatch,Electronics,North,6,6510.00,1539.18
10/11/2024,Smartphone,Electronics,South,5,5465.00,719.92
11/9/2024,Tablet,Electronics,South,3,3522.00,285.91
4/1/2024,Tablet,Electronics,West,6,1656.00,139.86
7/7/2022,Printer,Office,North,5,1255.00,257.15
6/10/2023,Keyboard,Accessories,East,1,1192.00,320.13
5/15/2023,Tablet,Electronics,West,5,1925.00,204.74
6/8/2022,Tablet,Electronics,West,8,1688.00,337.33
6/26/2023,Headphones,Accessories,South,1,260.00,16.81
1/19/2022,Monitor,Accessories,West,5,4880.00,1250.66
4/10/2024,Keyboard,Accessories,West,7,1134.00,179.74
6/10/2022,Laptop,Electronics,North,9,9621.00,1201.29
2/3/2023,Monitor,Accessories,South,4,2836.00,698.83
5/15/2023,Printer,Office,North,9,5859.00,1153.89
9/11/2022,Smartwatch,Electronics,South,2,2044.00,460.03
7/1/2023,Monitor,Accessories,South,1,612.00,174.52
2/18/2022,Smartwatch,Electronics,North,3,1890.00,492.31
9/30/2023,Smartwatch,Electronics,East,5,2025.00,168.82
9/4/2023,Printer,Office,South,2,1960.00,312.06
7/7/2022,Camera,Electronics,North,6,4410.00,893.27
7/14/2024,Keyboard,Accessories,West,8,8272.00,2391.88
9/27/2022,Smartwatch,Electronics,West,6,5712.00,638.29
4/20/2024,Smartwatch,Electronics,North,6,1524.00,178.36
5/24/2024,Keyboard,Accessories,North,8,5160.00,1057.41
12/29/2024,Mouse,Accessories,East,4,2956.00,451.60
5/7/2023,Smartphone,Electronics,West,8,7944.00,2257.73
9/10/2024,Camera,Electronics,North,5,1815.00,535.22
3/21/2023,Headphones,Accessories,North,3,2706.00,546.97
5/5/2023,Laptop,Electronics,North,2,1356.00,144.18
7/27/2023,Printer,Office,South,6,6384.00,1189.19
6/13/2023,Smartwatch,Electronics,South,9,4248.00,964.12
5/2/2024,Monitor,Accessories,North,6,3954.00,676.82
4/21/2024,Smartphone,Electronics,South,6,7110.00,739.60
7/25/2023,Headphones,Accessories,South,7,8113.00,995.03
1/26/2023,Headphones,Accessories,North,3,1830.00,183.62
1/11/2023,Keyboard,Accessories,West,4,3732.00,671.19
9/27/2024,Mouse,Accessories,West,6,4062.00,1087.17
12/3/2024,Smartwatch,Electronics,North,1,496.00,93.31
8/24/2023,Smartwatch,Electronics,East,4,1104.00,84.31
5/19/2023,Smartphone,Electronics,West,3,2274.00,662.00
6/13/2022,Smartwatch,Electronics,North,8,4456.00,1106.04
8/26/2022,Mouse,Accessories,West,8,4928.00,1038.18
1/22/2023,Smartphone,Electronics,North,4,1740.00,224.79
8/8/2022,Headphones,Accessories,North,2,178.00,31.46
11/19/2023,Printer,Office,East,8,5296.00,1234.81
6/28/2023,Mouse,Accessories,North,4,4156.00,847.09
10/9/2024,Printer,Office,North,1,624.00,106.92
9/4/2022,Smartphone,Electronics,West,4,3892.00,1052.72
7/18/2024,Mouse,Accessories,South,9,1620.00,294.60
9/22/2022,Mouse,Accessories,West,3,2250.00,301.97
7/31/2024,Monitor,Accessories,West,2,1390.00,316.31
4/21/2023,Camera,Electronics,South,5,5155.00,1325.16
7/9/2022,Smartwatch,Electronics,North,5,1025.00,262.91
7/31/2024,Mouse,Accessories,South,3,1785.00,244.52
9/30/2022,Smartwatch,Electronics,North,9,2952.00,605.85
12/25/2024,Headphones,Accessories,East,1,773.00,181.52
3/30/2023,Tablet,Electronics,North,8,1640.00,361.48
10/2/2023,Keyboard,Accessories,East,1,1017.00,69.33
5/23/2022,Headphones,Accessories,East,4,1964.00,349.91
4/5/2023,Mouse,Accessories,North,3,2994.00,638.59
10/8/2023,Printer,Office,East,9,8046.00,2210.33
5/22/2022,Printer,Office,West,2,1874.00,271.50
8/19/2023,Mouse,Accessories,North,8,6008.00,871.76
9/6/2023,Camera,Electronics,East,8,7240.00,411.19
6/17/2024,Monitor,Accessories,South,9,1188.00,348.31
12/22/2024,Headphones,Accessories,North,9,2997.00,163.34
2/2/2023,Printer,Office,West,9,7524.00,2017.85
10/13/2022,Monitor,Accessories,North,5,3625.00,268.73
3/31/2024,Laptop,Electronics,East,8,6952.00,871.20
5/29/2023,Camera,Electronics,North,9,1053.00,283.58
12/21/2024,Monitor,Accessories,North,9,6696.00,1224.22
10/9/2024,Headphones,Accessories,North,2,1420.00,93.59
12/29/2023,Camera,Electronics,West,9,9972.00,2566.01
11/28/2022,Laptop,Electronics,South,8,3136.00,494.26
2/10/2023,Camera,Electronics,West,3,225.00,20.52
5/12/2022,Mouse,Accessories,East,3,1662.00,375.04
5/3/2024,Printer,Office,West,4,500.00,85.96
8/2/2022,Smartphone,Electronics,North,8,3168.00,747.33
12/31/2023,Smartphone,Electronics,East,1,622.00,104.57
4/3/2022,Tablet,Electronics,North,3,1233.00,361.12
1/19/2024,Laptop,Electronics,West,3,573.00,116.14
2/18/2022,Tablet,Electronics,South,1,702.00,129.34
5/14/2024,Laptop,Electronics,South,8,4832.00,1261.06
1/17/2023,Printer,Office,North,5,3765.00,670.80
5/5/2024,Camera,Electronics,North,8,6928.00,1415.16
2/1/2023,Headphones,Accessories,West,7,1624.00,436.13
4/1/2023,Headphones,Accessories,North,1,68.00,10.39
6/4/2023,Mouse,Accessories,North,1,651.00,187.99
9/16/2024,Printer,Office,North,7,6293.00,718.49
2/16/2023,Keyboard,Accessories,West,2,1068.00,85.71
10/17/2023,Keyboard,Accessories,North,1,381.00,26.69
7/21/2022,Printer,Office,South,2,2016.00,426.43
2/10/2024,Headphones,Accessories,West,2,1224.00,340.67
10/23/2022,Monitor,Accessories,South,5,2180.00,400.01
9/12/2024,Laptop,Electronics,North,9,2853.00,353.09
10/4/2022,Mouse,Accessories,South,1,272.00,45.33
3/14/2022,Smartphone,Electronics,North,4,2640.00,183.23
4/26/2024,Monitor,Accessories,North,2,488.00,129.02
11/10/2023,Printer,Office,South,8,9184.00,1795.93
4/12/2024,Tablet,Electronics,North,5,280.00,23.98
10/3/2024,Keyboard,Accessories,East,3,2889.00,604.45
7/18/2024,Laptop,Electronics,West,1,625.00,125.90
4/16/2024,Keyboard,Accessories,South,8,7056.00,538.48
7/11/2023,Tablet,Electronics,West,8,3936.00,720.20
9/19/2022,Smartwatch,Electronics,East,6,2472.00,363.38
6/19/2022,Mouse,Accessories,West,5,855.00,67.57
2/25/2024,Mouse,Accessories,West,3,3480.00,560.39
3/7/2023,Camera,Electronics,South,1,846.00,103.30
3/9/2022,Keyboard,Accessories,North,1,158.00,46.24
12/31/2022,Mouse,Accessories,South,9,3186.00,583.24
2/1/2024,Mouse,Accessories,North,7,6972.00,969.43
4/15/2024,Mouse,Accessories,East,5,1745.00,449.64
5/15/2024,Laptop,Electronics,East,8,4256.00,372.95
4/14/2022,Keyboard,Accessories,South,3,1674.00,499.63
9/25/2024,Camera,Electronics,North,8,6488.00,1072.86
3/5/2022,Tablet,Electronics,East,5,3530.00,803.86
9/3/2022,Mouse,Accessories,North,2,632.00,87.45
11/9/2024,Monitor,Accessories,North,7,3675.00,236.80
9/12/2023,Smartwatch,Electronics,West,6,5592.00,926.42
2/11/2023,Keyboard,Accessories,East,6,6432.00,807.94
8/27/2023,Camera,Electronics,East,3,3069.00,503.30
5/26/2023,Keyboard,Accessories,North,7,2898.00,490.11
5/30/2024,Tablet,Electronics,North,4,3960.00,632.76
7/31/2024,Tablet,Electronics,South,3,1476.00,85.16
11/14/2023,Printer,Office,East,2,1058.00,298.69
11/27/2023,Monitor,Accessories,South,5,1215.00,162.02
3/4/2024,Camera,Electronics,North,3,204.00,20.43
12/24/2024,Tablet,Electronics,West,7,4137.00,221.66
5/21/2022,Camera,Electronics,West,5,250.00,16.81
9/14/2022,Tablet,Electronics,West,5,1185.00,254.34
3/12/2024,Headphones,Accessories,South,2,1504.00,108.52
6/28/2024,Keyboard,Accessories,West,6,6888.00,945.07
12/25/2024,Smartphone,Electronics,West,3,3588.00,958.84
11/18/2022,Laptop,Electronics,South,7,1477.00,367.22
10/22/2022,Smartwatch,Electronics,East,8,1280.00,131.56
11/16/2024,Tablet,Electronics,South,7,7161.00,630.76
3/13/2023,Printer,Office,North,5,1850.00,346.40
12/27/2023,Mouse,Accessories,East,3,3378.00,520.31
10/30/2024,Laptop,Electronics,West,7,7672.00,2046.38
11/3/2024,Tablet,Electronics,South,6,4254.00,938.66
11/19/2024,Keyboard,Accessories,East,5,2285.00,279.90
4/29/2024,Keyboard,Accessories,West,7,5775.00,680.60
10/21/2022,Smartphone,Electronics,North,9,9360.00,910.35
1/25/2023,Printer,Office,North,8,6936.00,1156.52
5/17/2022,Camera,Electronics,East,9,5634.00,464.71
3/29/2024,Smartphone,Electronics,North,4,2644.00,731.86
11/22/2023,Headphones,Accessories,North,1,247.00,35.65
9/24/2023,Laptop,Electronics,East,7,1869.00,357.27
7/17/2024,Smartwatch,Electronics,West,7,1988.00,430.59
6/17/2023,Laptop,Electronics,West,4,1920.00,549.11
5/20/2024,Headphones,Accessories,West,3,2577.00,196.37
6/10/2024,Camera,Electronics,East,3,828.00,117.95
1/31/2022,Camera,Electronics,South,2,1580.00,403.76
9/13/2023,Camera,Electronics,East,9,9009.00,1909.26
10/1/2022,Smartphone,Electronics,East,9,7425.00,1580.86
12/24/2024,Monitor,Accessories,West,5,2945.00,672.35
7/19/2023,Mouse,Accessories,West,3,294.00,22.90
5/17/2024,Mouse,Accessories,South,5,5875.00,789.23
1/17/2022,Smartwatch,Electronics,West,3,1308.00,197.60
1/10/2024,Monitor,Accessories,South,4,2360.00,391.82
4/10/2023,Smartwatch,Electronics,West,6,1008.00,245.45
10/27/2023,Smartwatch,Electronics,North,6,1344.00,338.40
1/12/2022,Printer,Office,West,7,5635.00,1185.97
9/15/2023,Mouse,Accessories,East,4,4088.00,1200.03
12/4/2024,Camera,Electronics,South,8,2192.00,441.77
6/6/2022,Keyboard,Accessories,South,8,1952.00,444.15
1/28/2023,Smartphone,Electronics,East,7,3955.00,1144.76
6/24/2023,Mouse,Accessories,South,8,5256.00,1118.16
12/28/2022,Camera,Electronics,North,1,1163.00,115.09
9/24/2022,Smartwatch,Electronics,North,9,5004.00,973.65
5/6/2023,Mouse,Accessories,North,8,9128.00,1342.19
7/13/2023,Laptop,Electronics,East,4,4700.00,576.34
1/5/2022,Camera,Electronics,West,2,1686.00,146.39
8/3/2024,Keyboard,Accessories,South,9,4572.00,279.54
8/21/2023,Smartphone,Electronics,South,5,2510.00,515.12
6/4/2023,Smartphone,Electronics,West,3,3117.00,829.09
5/12/2024,Laptop,Electronics,West,1,380.00,94.35
7/14/2023,Monitor,Accessories,West,9,2889.00,604.19
11/8/2024,Smartwatch,Electronics,East,9,3654.00,581.90
9/12/2023,Printer,Office,East,6,5610.00,298.77
4/27/2024,Smartphone,Electronics,South,1,668.00,99.40
1/8/2022,Smartphone,Electronics,South,7,3983.00,360.13
1/24/2024,Keyboard,Accessories,South,1,1112.00,272.81
6/20/2022,Monitor,Accessories,North,9,4230.00,221.06
8/1/2024,Tablet,Electronics,East,8,2968.00,530.30
1/10/2022,Monitor,Accessories,West,5,4690.00,706.74
5/9/2022,Camera,Electronics,West,6,4296.00,1240.31
12/19/2023,Camera,Electronics,North,7,7203.00,523.52
11/20/2022,Smartphone,Electronics,North,4,3640.00,695.31
11/11/2022,Smartphone,Electronics,East,1,1131.00,304.62
1/3/2024,Camera,Electronics,West,9,3627.00,797.53
8/11/2023,Mouse,Accessories,South,8,7968.00,1249.98
11/23/2022,Headphones,Accessories,South,3,3546.00,490.28
3/1/2024,Tablet,Electronics,South,5,2270.00,546.56
7/7/2023,Keyboard,Accessories,West,2,1354.00,136.91
4/20/2023,Headphones,Accessories,West,7,6811.00,1423.57
2/9/2022,Smartwatch,Electronics,East,3,1410.00,232.65
10/17/2022,Keyboard,Accessories,North,2,1170.00,249.99
8/4/2023,Laptop,Electronics,East,7,4739.00,740.74
12/1/2023,Mouse,Accessories,South,9,7866.00,1554.38
7/31/2022,Monitor,Accessories,East,5,3645.00,388.31
2/24/2023,Headphones,Accessories,East,6,5358.00,568.34
5/18/2024,Camera,Electronics,North,5,1775.00,486.37
5/19/2023,Headphones,Accessories,South,9,4905.00,1351.25
9/29/2022,Mouse,Accessories,East,6,4260.00,372.33
9/3/2024,Printer,Office,East,2,1632.00,292.78
3/12/2023,Smartwatch,Electronics,East,6,3324.00,466.78
7/17/2023,Camera,Electronics,West,5,4590.00,347.14
4/14/2022,Laptop,Electronics,East,9,8496.00,2182.42
6/16/2022,Printer,Office,North,6,6444.00,518.79
3/14/2022,Camera,Electronics,North,1,812.00,51.13
7/15/2023,Monitor,Accessories,West,6,1764.00,465.93
5/13/2024,Printer,Office,West,1,1012.00,172.67
5/3/2023,Keyboard,Accessories,South,2,836.00,47.07
12/29/2023,Smartwatch,Electronics,East,1,723.00,115.26
12/5/2022,Headphones,Accessories,North,6,5628.00,1033.15
9/26/2024,Laptop,Electronics,North,5,1660.00,283.14
3/28/2023,Headphones,Accessories,West,3,2295.00,244.83
4/19/2024,Printer,Office,East,2,2190.00,477.80
10/11/2024,Tablet,Electronics,East,7,3500.00,919.35
4/23/2022,Headphones,Accessories,West,2,1098.00,239.92
6/1/2023,Mouse,Accessories,North,5,945.00,194.03
2/19/2022,Mouse,Accessories,West,6,5622.00,1382.67
7/13/2023,Camera,Electronics,East,3,2325.00,309.49
8/3/2022,Keyboard,Accessories,South,1,1157.00,252.08
1/30/2024,Printer,Office,West,3,531.00,126.24
7/23/2023,Tablet,Electronics,West,2,1760.00,278.09
11/12/2023,Smartwatch,Electronics,North,1,371.00,108.58
10/15/2024,Smartphone,Electronics,East,4,1896.00,191.70
8/9/2023,Smartwatch,Electronics,South,2,514.00,106.75
8/18/2022,Monitor,Accessories,West,7,1876.00,129.25
8/19/2023,Camera,Electronics,East,6,1182.00,236.12
3/14/2022,Smartphone,Electronics,North,5,4255.00,961.41
9/15/2022,Monitor,Accessories,North,9,1341.00,150.70
9/23/2022,Keyboard,Accessories,North,1,644.00,49.25
5/17/2024,Monitor,Accessories,South,3,1827.00,94.40
10/27/2024,Camera,Electronics,North,1,930.00,136.16
2/15/2022,Camera,Electronics,South,4,528.00,152.80
2/23/2022,Monitor,Accessories,South,6,4236.00,739.22
1/14/2023,Headphones,Accessories,North,4,1664.00,190.82
1/12/2023,Smartwatch,Electronics,North,3,2727.00,554.46
2/8/2022,Smartwatch,Electronics,North,2,522.00,52.73
12/6/2024,Mouse,Accessories,West,7,8288.00,1945.03
3/12/2024,Laptop,Electronics,West,9,1062.00,73.58
10/1/2023,Smartphone,Electronics,East,3,1140.00,226.52
4/12/2024,Keyboard,Accessories,East,8,3488.00,712.24
12/22/2023,Tablet,Electronics,North,8,5920.00,1436.70
3/6/2024,Monitor,Accessories,North,9,3096.00,362.89
5/2/2024,Monitor,Accessories,South,5,3490.00,205.04
4/2/2022,Smartwatch,Electronics,South,6,4374.00,702.62
2/11/2024,Smartphone,Electronics,South,6,3366.00,541.86
4/2/2024,Printer,Office,East,6,822.00,231.62
11/27/2024,Monitor,Accessories,North,2,340.00,39.12
8/30/2022,Mouse,Accessories,East,1,763.00,217.94
7/15/2022,Headphones,Accessories,West,4,3408.00,856.98
2/21/2022,Tablet,Electronics,West,7,2282.00,537.71
9/14/2023,Camera,Electronics,South,7,4151.00,1047.43
4/8/2024,Laptop,Electronics,North,7,6279.00,1689.55
10/24/2023,Monitor,Accessories,North,3,474.00,83.32
4/16/2023,Monitor,Accessories,West,5,680.00,176.44
10/15/2023,Headphones,Accessories,West,9,8496.00,1721.60
8/20/2023,Keyboard,Accessories,South,7,7826.00,714.68
10/24/2023,Mouse,Accessories,South,6,4014.00,717.44
7/26/2024,Laptop,Electronics,East,1,687.00,62.82
10/31/2024,Smartwatch,Electronics,South,3,2943.00,234.27
4/28/2022,Printer,Office,East,7,5649.00,660.37
8/15/2024,Tablet,Electronics,North,8,3296.00,623.67
9/28/2024,Headphones,Accessories,North,3,1137.00,173.92
7/18/2024,Smartphone,Electronics,North,2,380.00,101.70
10/22/2022,Laptop,Electronics,West,5,4405.00,1247.86
11/1/2022,Tablet,Electronics,East,1,120.00,9.43
6/13/2023,Printer,Office,East,1,1176.00,182.07
2/20/2023,Camera,Electronics,South,3,1770.00,366.58
5/20/2023,Camera,Electronics,South,6,4302.00,965.02
12/19/2023,Camera,Electronics,North,3,2988.00,362.68
6/17/2024,Headphones,Accessories,East,3,3033.00,458.41
7/14/2023,Mouse,Accessories,South,9,6363.00,1752.65
7/4/2022,Tablet,Electronics,West,6,3402.00,501.29
3/23/2022,Keyboard,Accessories,South,4,3496.00,1032.81
11/19/2022,Monitor,Accessories,East,4,1080.00,204.95
2/28/2022,Headphones,Accessories,East,6,1530.00,218.99
9/11/2023,Keyboard,Accessories,West,4,3568.00,764.20
11/13/2022,Smartphone,Electronics,West,1,954.00,48.97
3/17/2024,Camera,Electronics,West,4,1196.00,223.66
2/13/2022,Smartwatch,Electronics,North,4,2136.00,217.47
7/13/2024,Printer,Office,South,9,8496.00,2316.03
5/7/2024,Laptop,Electronics,West,7,7280.00,1450.82
9/24/2022,Smartwatch,Electronics,South,5,4935.00,625.39
8/12/2024,Tablet,Electronics,South,8,9056.00,872.48
1/6/2023,Smartwatch,Electronics,South,1,563.00,46.96
3/3/2022,Printer,Office,South,2,1570.00,247.70
3/2/2022,Camera,Electronics,North,3,2181.00,517.02
9/25/2024,Mouse,Accessories,North,4,3808.00,442.33
12/6/2022,Keyboard,Accessories,West,7,6552.00,635.09
6/18/2023,Laptop,Electronics,South,8,6544.00,1086.29
11/21/2023,Mouse,Accessories,West,3,2631.00,157.19
3/31/2023,Monitor,Accessories,West,9,945.00,94.75
6/11/2024,Monitor,Accessories,West,2,760.00,192.42
4/25/2023,Monitor,Accessories,North,4,1392.00,394.48
12/17/2022,Smartwatch,Electronics,East,3,1242.00,206.74
7/5/2024,Laptop,Electronics,East,3,3183.00,868.73
4/7/2023,Monitor,Accessories,West,5,4260.00,229.77
7/26/2022,Smartphone,Electronics,West,1,1041.00,132.46
5/18/2022,Smartwatch,Electronics,East,3,1692.00,348.81
3/15/2022,Camera,Electronics,North,4,1728.00,403.06
10/13/2023,Camera,Electronics,South,4,4484.00,893.27
6/19/2024,Smartphone,Electronics,East,7,4123.00,750.05
11/3/2024,Mouse,Accessories,East,2,2372.00,392.07
4/16/2023,Smartphone,Electronics,East,7,5201.00,745.20
9/27/2024,Mouse,Accessories,South,5,3100.00,695.28
7/12/2022,Smartwatch,Electronics,East,6,5292.00,1105.95
3/6/2023,Tablet,Electronics,South,6,5952.00,971.53
1/10/2023,Smartphone,Electronics,East,4,1932.00,472.91
10/5/2023,Tablet,Electronics,West,6,3486.00,1011.74
5/25/2024,Tablet,Electronics,West,2,1708.00,441.43
9/12/2024,Monitor,Accessories,South,4,4324.00,288.12
7/30/2024,Laptop,Electronics,South,4,2708.00,302.14
3/29/2022,Printer,Office,West,8,7944.00,1142.83
4/10/2023,Camera,Electronics,East,3,684.00,39.33
1/1/2023,Printer,Office,West,9,5904.00,1440.45
3/20/2024,Printer,Office,South,5,4970.00,1080.12
2/2/2024,Headphones,Accessories,West,2,2288.00,234.97
7/18/2023,Smartphone,Electronics,East,6,4662.00,350.79
2/25/2022,Mouse,Accessories,East,4,2532.00,404.96
12/19/2024,Tablet,Electronics,South,8,9328.00,1008.60
2/5/2022,Printer,Office,North,1,686.00,86.18
2/29/2024,Smartwatch,Electronics,South,6,1290.00,343.35
8/26/2022,Printer,Office,West,5,1205.00,235.19
9/17/2024,Headphones,Accessories,South,7,7966.00,1313.56
8/14/2022,Camera,Electronics,North,7,1085.00,130.72
8/29/2024,Monitor,Accessories,West,9,6633.00,1239.11
11/21/2024,Laptop,Electronics,North,7,5096.00,971.50
7/20/2022,Tablet,Electronics,East,4,4120.00,710.07
8/15/2022,Monitor,Accessories,West,3,1479.00,207.58
4/9/2024,Smartphone,Electronics,West,7,1652.00,397.49
7/7/2022,Laptop,Electronics,South,1,1028.00,240.61
5/1/2023,Monitor,Accessories,East,4,4580.00,655.14
1/28/2024,Monitor,Accessories,South,8,2152.00,196.53
7/4/2022,Monitor,Accessories,South,6,4566.00,866.13
4/6/2024,Headphones,Accessories,East,3,2244.00,301.53
2/1/2024,Mouse,Accessories,West,4,1344.00,140.52
10/1/2023,Printer,Office,South,6,2622.00,131.53
12/3/2022,Smartphone,Electronics,South,1,325.00,46.84
12/17/2024,Keyboard,Accessories,West,1,960.00,95.88
11/30/2023,Smartphone,Electronics,North,7,2639.00,268.88
6/5/2024,Printer,Office,South,5,1025.00,246.15
1/13/2022,Monitor,Accessories,West,2,1924.00,434.86
8/29/2023,Smartphone,Electronics,North,2,1660.00,362.88
5/23/2022,Printer,Office,North,1,985.00,105.09
7/14/2024,Keyboard,Accessories,North,5,2600.00,537.11
10/21/2024,Camera,Electronics,West,4,2792.00,725.35
8/31/2024,Headphones,Accessories,North,2,378.00,87.37
4/17/2022,Camera,Electronics,West,8,968.00,271.61
5/12/2024,Smartwatch,Electronics,North,3,564.00,108.35
1/25/2023,Laptop,Electronics,South,5,2365.00,667.61
4/1/2024,Smartphone,Electronics,West,6,3252.00,834.84
5/5/2024,Camera,Electronics,North,1,276.00,42.68
5/20/2024,Mouse,Accessories,West,3,3408.00,205.76
10/20/2022,Laptop,Electronics,East,6,1398.00,180.88
2/27/2022,Keyboard,Accessories,North,4,904.00,108.85
12/1/2023,Keyboard,Accessories,South,1,1178.00,161.06
7/29/2022,Headphones,Accessories,West,3,2535.00,292.19
4/17/2023,Tablet,Electronics,West,1,496.00,146.92
6/30/2024,Smartphone,Electronics,West,4,3888.00,284.17
3/12/2024,Tablet,Electronics,East,7,4921.00,798.16
7/4/2024,Smartwatch,Electronics,West,8,4472.00,290.79
4/9/2023,Tablet,Electronics,North,3,603.00,153.37
3/10/2023,Headphones,Accessories,West,9,1899.00,501.40
1/3/2023,Printer,Office,North,4,544.00,67.84
5/29/2022,Monitor,Accessories,North,9,6471.00,1844.59
3/22/2023,Keyboard,Accessories,North,1,677.00,54.14
9/7/2022,Laptop,Electronics,South,4,1372.00,302.58
6/8/2024,Keyboard,Accessories,North,9,7542.00,1477.49
4/16/2023,Monitor,Accessories,West,1,924.00,125.65
7/11/2022,Smartphone,Electronics,East,5,3940.00,755.11
10/5/2024,Tablet,Electronics,West,2,374.00,49.26
3/19/2023,Printer,Office,North,5,1800.00,252.69
12/26/2022,Monitor,Accessories,West,5,3170.00,868.34
8/17/2024,Headphones,Accessories,North,7,5362.00,1029.47
11/5/2023,Monitor,Accessories,East,9,5976.00,1747.57
7/6/2023,Keyboard,Accessories,North,9,8514.00,1400.40
11/25/2023,Laptop,Electronics,South,1,810.00,157.47
1/8/2022,Mouse,Accessories,South,1,71.00,12.02
6/15/2022,Laptop,Electronics,North,1,651.00,57.94
3/13/2022,Monitor,Accessories,North,3,1245.00,119.11
11/6/2023,Monitor,Accessories,West,1,464.00,58.38
2/11/2023,Monitor,Accessories,North,5,5155.00,356.43
12/11/2023,Smartphone,Electronics,East,5,5175.00,786.27
1/13/2022,Smartphone,Electronics,East,2,1668.00,470.42
9/30/2024,Printer,Office,East,3,1872.00,532.81
1/16/2023,Laptop,Electronics,North,3,513.00,132.56
4/5/2024,Printer,Office,West,2,2276.00,366.50
1/2/2024,Mouse,Accessories,West,4,3428.00,305.79
3/2/2024,Keyboard,Accessories,East,2,1640.00,176.87
5/25/2024,Camera,Electronics,East,7,7077.00,1921.73
10/20/2023,Printer,Office,South,9,9225.00,1391.15
6/20/2022,Mouse,Accessories,South,5,3910.00,584.77
5/9/2023,Printer,Office,West,5,1995.00,369.22
8/31/2023,Keyboard,Accessories,North,7,385.00,43.43
3/23/2023,Mouse,Accessories,East,4,4316.00,566.70
4/28/2024,Smartwatch,Electronics,North,1,1169.00,340.69
3/30/2023,Headphones,Accessories,East,5,2325.00,506.32
2/18/2024,Monitor,Accessories,North,1,199.00,48.92
8/13/2022,Smartwatch,Electronics,South,3,375.00,80.58
5/5/2022,Laptop,Electronics,East,9,8010.00,763.32
1/3/2023,Mouse,Accessories,East,4,316.00,77.13
11/14/2024,Camera,Electronics,South,9,5895.00,442.49
4/9/2022,Headphones,Accessories,East,4,388.00,35.21
6/12/2024,Mouse,Accessories,West,5,3670.00,462.97
10/15/2024,Smartphone,Electronics,East,9,7731.00,2178.05
10/18/2023,Laptop,Electronics,South,3,1596.00,91.23
4/6/2024,Camera,Electronics,East,4,4192.00,216.16
7/29/2023,Tablet,Electronics,West,7,5264.00,756.33
6/4/2023,Laptop,Electronics,North,1,425.00,48.81
3/17/2022,Smartwatch,Electronics,North,4,3380.00,211.72
3/7/2024,Printer,Office,East,7,8379.00,2009.05
3/5/2022,Keyboard,Accessories,North,4,2040.00,393.72
4/17/2024,Printer,Office,East,4,1336.00,116.65
8/22/2024,Keyboard,Accessories,South,2,1934.00,157.41
4/9/2024,Keyboard,Accessories,South,3,1560.00,391.11
7/20/2024,Keyboard,Accessories,North,6,4446.00,1217.86
3/17/2023,Printer,Office,West,3,1893.00,508.80
7/4/2024,Camera,Electronics,East,4,4492.00,670.42
8/12/2023,Mouse,Accessories,South,6,6228.00,1852.45
4/23/2023,Camera,Electronics,East,7,4403.00,1295.89
10/15/2022,Headphones,Accessories,South,9,4176.00,510.97
5/24/2022,Keyboard,Accessories,West,2,486.00,64.43
5/9/2022,Printer,Office,East,5,4880.00,1084.69
11/2/2022,Printer,Office,West,5,265.00,53.21
9/10/2023,Laptop,Electronics,East,1,1041.00,128.58
3/28/2024,Smartphone,Electronics,East,8,9448.00,616.50
7/1/2022,Headphones,Accessories,South,3,1617.00,440.46
2/17/2024,Laptop,Electronics,West,2,1486.00,233.70
7/8/2023,Smartwatch,Electronics,East,8,7152.00,1539.72
12/29/2022,Mouse,Accessories,East,6,1404.00,368.36
8/11/2023,Camera,Electronics,South,2,122.00,16.23
8/1/2023,Camera,Electronics,North,9,7533.00,1285.72
7/23/2023,Headphones,Accessories,South,4,3888.00,810.08
7/5/2024,Smartphone,Electronics,South,5,870.00,48.87
11/28/2022,Mouse,Accessories,South,2,1446.00,403.89
11/11/2024,Tablet,Electronics,South,6,510.00,151.91
7/29/2024,Keyboard,Accessories,West,8,6224.00,790.27
4/25/2023,Keyboard,Accessories,North,2,686.00,85.03
12/11/2023,Mouse,Accessories,West,4,2840.00,591.94
11/12/2023,Laptop,Electronics,South,7,2562.00,347.62
5/4/2024,Smartphone,Electronics,West,5,790.00,216.12
7/9/2022,Laptop,Electronics,East,5,4170.00,786.42
11/22/2022,Tablet,Electronics,East,4,1360.00,373.59
3/13/2022,Camera,Electronics,East,6,5316.00,782.42
7/20/2023,Laptop,Electronics,West,4,3956.00,293.38
5/9/2022,Monitor,Accessories,North,3,726.00,94.38
8/4/2024,Smartphone,Electronics,North,4,228.00,29.37
7/31/2022,Headphones,Accessories,North,3,2274.00,442.57
9/13/2024,Keyboard,Accessories,North,9,2628.00,459.87
5/26/2024,Camera,Electronics,South,6,606.00,104.85
11/15/2024,Headphones,Accessories,East,8,7256.00,558.79
3/11/2023,Camera,Electronics,West,4,1956.00,125.69
6/20/2024,Printer,Office,South,6,3954.00,690.10
1/11/2023,Keyboard,Accessories,East,6,2262.00,442.86
2/15/2022,Printer,Office,North,4,2804.00,391.59
4/26/2022,Tablet,Electronics,South,9,5850.00,1511.06
6/7/2023,Keyboard,Accessories,West,1,56.00,9.16
1/17/2024,Monitor,Accessories,East,9,4302.00,344.64
5/14/2024,Camera,Electronics,West,9,10143.00,1690.66
5/15/2023,Headphones,Accessories,North,1,1012.00,164.89
5/22/2023,Tablet,Electronics,East,9,8964.00,448.62
8/5/2022,Mouse,Accessories,South,6,1758.00,262.36
10/12/2023,Printer,Office,North,6,6348.00,557.72
11/4/2023,Printer,Office,North,2,1582.00,422.46
5/17/2023,Mouse,Accessories,South,2,1924.00,394.40
4/2/2023,Keyboard,Accessories,North,1,120.00,23.86
1/26/2024,Headphones,Accessories,East,8,7752.00,1943.84
7/13/2023,Camera,Electronics,East,2,1114.00,300.44
11/28/2024,Keyboard,Accessories,North,5,1765.00,229.06
8/10/2022,Keyboard,Accessories,West,6,6834.00,1418.21
9/14/2022,Smartphone,Electronics,East,5,1520.00,433.53
8/5/2023,Smartwatch,Electronics,West,7,8141.00,767.60
8/30/2023,Tablet,Electronics,South,8,5176.00,866.36
5/11/2024,Mouse,Accessories,East,9,738.00,64.42
1/17/2024,Printer,Office,South,9,4086.00,217.48
9/16/2022,Mouse,Accessories,East,2,442.00,28.13
1/13/2023,Smartphone,Electronics,East,6,2478.00,153.86
1/22/2022,Keyboard,Accessories,South,2,1860.00,327.15
5/24/2022,Monitor,Accessories,East,9,4968.00,991.82
3/5/2023,Printer,Office,South,3,1446.00,278.94
4/25/2023,Mouse,Accessories,East,7,1722.00,414.87
7/13/2024,Smartwatch,Electronics,East,7,6573.00,460.28
9/1/2024,Headphones,Accessories,East,3,2481.00,249.52
12/26/2024,Monitor,Accessories,West,6,3828.00,1102.86
8/20/2023,Tablet,Electronics,East,7,1197.00,103.34
1/9/2022,Tablet,Electronics,West,7,7623.00,1459.84
8/14/2022,Mouse,Accessories,North,9,3384.00,252.11
1/1/2022,Monitor,Accessories,South,8,1296.00,273.97
7/25/2024,Tablet,Electronics,West,8,2840.00,262.62
8/22/2024,Camera,Electronics,East,7,1540.00,342.93
6/28/2022,Camera,Electronics,West,2,1414.00,308.39
4/26/2023,Camera,Electronics,West,8,8328.00,466.38
8/29/2023,Camera,Electronics,North,2,744.00,217.21
1/2/2023,Mouse,Accessories,South,9,1773.00,168.01
8/11/2023,Smartphone,Electronics,East,7,6034.00,1018.37
6/22/2023,Smartphone,Electronics,South,9,756.00,99.21
7/27/2024,Monitor,Accessories,East,8,2256.00,468.52
11/30/2023,Monitor,Accessories,North,7,875.00,203.63
11/26/2024,Headphones,Accessories,South,4,1208.00,115.13
8/15/2023,Headphones,Accessories,South,2,352.00,54.19
2/23/2023,Printer,Office,West,6,4266.00,357.51
3/26/2022,Tablet,Electronics,North,7,1841.00,496.89
7/27/2024,Camera,Electronics,East,1,712.00,89.50
3/23/2024,Printer,Office,West,2,724.00,72.19
12/9/2024,Smartphone,Electronics,West,8,5832.00,662.72
6/17/2023,Keyboard,Accessories,South,6,4188.00,989.14
9/21/2023,Tablet,Electronics,West,1,392.00,50.70
5/14/2022,Laptop,Electronics,East,9,963.00,49.71
4/13/2024,Camera,Electronics,West,6,5706.00,319.46
6/11/2024,Headphones,Accessories,West,7,1365.00,312.04
5/23/2023,Headphones,Accessories,South,1,202.00,11.24
12/24/2023,Smartphone,Electronics,North,9,2430.00,613.67
4/26/2023,Monitor,Accessories,South,3,2670.00,515.39
1/21/2022,Tablet,Electronics,South,7,2758.00,520.66
10/14/2022,Monitor,Accessories,South,9,873.00,82.35
8/23/2023,Smartwatch,Electronics,West,9,7245.00,1410.92
9/13/2023,Camera,Electronics,North,4,960.00,255.24
12/28/2024,Smartwatch,Electronics,East,4,1284.00,171.02
6/9/2023,Mouse,Accessories,West,4,512.00,110.47
7/10/2022,Smartwatch,Electronics,South,9,9729.00,2039.41
1/11/2023,Camera,Electronics,North,5,1580.00,166.16
7/26/2023,Mouse,Accessories,East,8,976.00,234.24
1/5/2024,Printer,Office,North,8,1824.00,495.35
5/8/2023,Smartphone,Electronics,South,4,3188.00,202.81
11/29/2023,Camera,Electronics,East,7,5467.00,556.02
9/5/2024,Smartphone,Electronics,South,6,5406.00,1277.46
8/8/2024,Headphones,Accessories,East,8,2984.00,742.31
4/12/2023,Printer,Office,North,1,919.00,193.35
8/18/2023,Camera,Electronics,South,6,1686.00,426.72
6/2/2023,Laptop,Electronics,West,7,4165.00,493.24
11/17/2023,Smartphone,Electronics,West,7,1281.00,282.63
6/17/2024,Smartwatch,Electronics,East,3,2829.00,362.16
4/6/2024,Monitor,Accessories,West,3,2211.00,292.31
12/18/2024,Headphones,Accessories,East,4,4740.00,607.81
12/9/2023,Camera,Electronics,East,1,718.00,169.09
10/10/2022,Headphones,Accessories,North,6,1716.00,108.81
4/22/2024,Monitor,Accessories,South,7,1547.00,152.59
6/14/2022,Mouse,Accessories,North,1,739.00,111.18
9/3/2023,Laptop,Electronics,West,3,819.00,231.88
12/19/2023,Laptop,Electronics,South,8,5696.00,1156.30
1/22/2023,Monitor,Accessories,South,2,1706.00,184.71
1/23/2024,Camera,Electronics,North,2,2066.00,608.23
6/7/2024,Laptop,Electronics,North,2,256.00,35.66
2/4/2024,Smartphone,Electronics,North,2,1102.00,182.54
8/31/2024,Monitor,Accessories,North,8,2872.00,483.94
11/11/2024,Tablet,Electronics,East,4,2584.00,394.52
7/27/2024,Mouse,Accessories,North,2,1366.00,298.32
5/11/2024,Smartwatch,Electronics,South,7,1253.00,354.23
3/24/2023,Laptop,Electronics,West,7,2618.00,300.81
9/22/2022,Headphones,Accessories,East,9,6822.00,1811.37
11/5/2023,Keyboard,Accessories,East,6,5286.00,636.16
6/13/2024,Monitor,Accessories,North,1,579.00,133.57
2/28/2022,Laptop,Electronics,West,8,1392.00,190.99
11/14/2022,Laptop,Electronics,West,9,2493.00,696.69
9/17/2023,Smartphone,Electronics,North,7,6461.00,766.45
8/17/2022,Tablet,Electronics,East,2,1486.00,201.07
5/14/2023,Printer,Office,South,1,1152.00,280.28
3/12/2022,Smartwatch,Electronics,West,2,1750.00,103.99
7/12/2022,Smartphone,Electronics,West,7,4417.00,495.37
7/5/2024,Laptop,Electronics,South,4,3724.00,276.85
6/16/2023,Camera,Electronics,West,3,2220.00,121.14
6/20/2023,Monitor,Accessories,West,8,9104.00,2620.58
8/8/2024,Printer,Office,West,3,3093.00,584.23
3/1/2023,Headphones,Accessories,South,6,3048.00,842.24
5/2/2022,Smartphone,Electronics,North,1,161.00,36.58
7/23/2023,Monitor,Accessories,West,7,7238.00,1889.69
3/30/2024,Smartphone,Electronics,North,3,3561.00,347.31
8/7/2022,Monitor,Accessories,North,5,1850.00,534.39
3/6/2022,Mouse,Accessories,West,6,3522.00,626.72
11/24/2023,Smartwatch,Electronics,East,1,584.00,172.40
8/31/2023,Smartphone,Electronics,East,4,2556.00,412.44
10/14/2023,Smartphone,Electronics,South,2,348.00,56.31
5/16/2023,Monitor,Accessories,South,9,1602.00,142.49
6/19/2023,Monitor,Accessories,South,3,2853.00,437.59
7/21/2023,Printer,Office,West,1,1024.00,230.30
3/20/2022,Camera,Electronics,East,5,4485.00,1324.49
8/6/2023,Printer,Office,East,2,436.00,79.69
10/21/2024,Smartwatch,Electronics,North,2,2232.00,150.12
8/14/2022,Keyboard,Accessories,South,6,7056.00,1445.01
3/15/2022,Keyboard,Accessories,East,5,875.00,96.65
2/1/2022,Smartwatch,Electronics,East,3,315.00,61.94
4/24/2022,Laptop,Electronics,East,2,358.00,51.75
3/23/2023,Camera,Electronics,South,7,3451.00,194.42
2/10/2022,Laptop,Electronics,North,9,1350.00,189.13
10/19/2023,Tablet,Electronics,West,8,3320.00,413.32
9/10/2024,Mouse,Accessories,North,9,8442.00,940.33
6/17/2022,Keyboard,Accessories,South,1,166.00,31.97
8/9/2023,Mouse,Accessories,North,5,3720.00,448.60
7/11/2023,Laptop,Electronics,South,2,1090.00,136.65
1/5/2024,Laptop,Electronics,West,9,9783.00,2347.49
9/22/2022,Smartphone,Electronics,North,4,2432.00,657.18
6/22/2023,Mouse,Accessories,North,7,4060.00,291.42
3/26/2023,Smartwatch,Electronics,North,1,387.00,99.59
8/11/2023,Smartwatch,Electronics,North,3,966.00,120.56
5/17/2024,Tablet,Electronics,North,3,3366.00,882.29
6/30/2024,Monitor,Accessories,West,7,7833.00,1843.94
4/9/2023,Monitor,Accessories,West,1,610.00,33.55
5/28/2022,Smartwatch,Electronics,West,8,4288.00,597.09
7/18/2022,Printer,Office,North,9,7740.00,605.35
8/20/2024,Smartwatch,Electronics,West,9,3150.00,457.13
12/31/2023,Keyboard,Accessories,West,2,894.00,224.75
10/9/2022,Laptop,Electronics,North,8,7544.00,1219.73
3/1/2024,Keyboard,Accessories,North,8,6360.00,1871.88
3/19/2022,Smartphone,Electronics,West,4,2428.00,485.75
10/5/2022,Headphones,Accessories,South,2,574.00,38.52
4/25/2023,Keyboard,Accessories,West,6,6744.00,660.47
9/11/2023,Headphones,Accessories,North,6,798.00,213.40
1/13/2023,Printer,Office,North,5,2860.00,339.00
4/3/2022,Printer,Office,South,5,5410.00,1129.77
2/26/2023,Laptop,Electronics,West,5,4445.00,580.15
11/3/2024,Smartwatch,Electronics,South,8,7536.00,1197.09
9/26/2023,Monitor,Accessories,North,7,4165.00,263.26
2/19/2024,Laptop,Electronics,East,3,3021.00,763.99
4/29/2024,Keyboard,Accessories,North,2,310.00,70.66
5/15/2024,Headphones,Accessories,South,2,2170.00,522.00
10/22/2024,Tablet,Electronics,West,3,2832.00,317.76
7/31/2022,Smartwatch,Electronics,West,5,3945.00,392.09
9/10/2022,Tablet,Electronics,South,4,2104.00,308.00
8/24/2022,Monitor,Accessories,South,2,2060.00,517.64
6/23/2024,Printer,Office,North,4,1060.00,155.78
1/13/2023,Smartwatch,Electronics,South,6,810.00,108.61
9/23/2022,Laptop,Electronics,West,3,873.00,57.42
2/8/2022,Tablet,Electronics,West,5,595.00,121.11
12/18/2022,Laptop,Electronics,West,2,1562.00,119.56
1/25/2022,Smartwatch,Electronics,East,9,5337.00,1575.99
12/9/2022,Printer,Office,North,2,212.00,13.40
6/14/2023,Printer,Office,East,8,2704.00,705.74
5/31/2024,Laptop,Electronics,North,5,3225.00,523.32
8/7/2023,Monitor,Accessories,North,2,1342.00,184.59
7/13/2022,Mouse,Accessories,South,7,3395.00,1012.78
12/1/2024,Smartwatch,Electronics,East,4,3968.00,480.72
4/12/2024,Smartphone,Electronics,West,5,4555.00,776.65
2/26/2022,Tablet,Electronics,West,2,2132.00,365.44
3/31/2022,Mouse,Accessories,West,6,6516.00,842.83
8/17/2023,Smartwatch,Electronics,North,2,2040.00,481.15
9/23/2024,Mouse,Accessories,East,6,6126.00,428.38
9/11/2022,Smartwatch,Electronics,West,8,520.00,30.58
1/1/2023,Camera,Electronics,South,5,4470.00,526.96
7/12/2024,Smartwatch,Electronics,West,8,5504.00,1196.78
1/11/2022,Headphones,Accessories,West,4,3036.00,511.69
10/5/2024,Smartwatch,Electronics,East,5,2725.00,308.29
9/16/2024,Printer,Office,North,8,4080.00,336.96
5/23/2024,Keyboard,Accessories,North,8,3080.00,776.60
6/8/2023,Smartwatch,Electronics,North,5,1525.00,413.75
7/16/2022,Monitor,Accessories,South,4,1332.00,342.85
7/24/2023,Smartphone,Electronics,South,7,4669.00,803.21
3/12/2022,Smartwatch,Electronics,West,6,5310.00,1099.84
1/12/2023,Camera,Electronics,East,8,9392.00,2651.84
11/3/2022,Monitor,Accessories,South,5,1350.00,198.19
3/14/2024,Monitor,Accessories,North,4,3648.00,768.61
7/27/2023,Printer,Office,North,2,300.00,47.59
8/14/2022,Smartphone,Electronics,North,3,3408.00,727.26
11/17/2024,Keyboard,Accessories,South,9,4302.00,475.96
5/13/2024,Keyboard,Accessories,South,5,4575.00,771.24
10/21/2022,Laptop,Electronics,East,8,9304.00,1855.70
4/15/2024,Monitor,Accessories,East,4,1928.00,232.48
1/17/2023,Printer,Office,East,2,1042.00,86.24
11/28/2023,Tablet,Electronics,East,3,2214.00,507.70
5/3/2024,Keyboard,Accessories,South,4,3024.00,678.26
8/11/2023,Camera,Electronics,East,2,1104.00,173.01
7/26/2022,Mouse,Accessories,East,8,6056.00,1631.71
2/7/2023,Mouse,Accessories,South,5,5295.00,1375.98
1/19/2022,Smartphone,Electronics,North,4,3668.00,839.40
6/30/2023,Printer,Office,South,9,4293.00,295.47
8/19/2022,Mouse,Accessories,North,7,5789.00,950.45
8/27/2023,Smartwatch,Electronics,North,6,4440.00,800.92
3/10/2022,Printer,Office,South,5,5515.00,330.02
10/12/2024,Camera,Electronics,North,4,784.00,192.77
6/15/2024,Laptop,Electronics,East,4,576.00,156.59
9/9/2024,Smartwatch,Electronics,West,5,705.00,198.62
9/24/2023,Keyboard,Accessories,North,6,4458.00,1215.30
8/25/2022,Smartphone,Electronics,East,6,6780.00,811.92
10/1/2023,Smartwatch,Electronics,North,5,3970.00,642.70
1/8/2023,Monitor,Accessories,North,7,5131.00,368.11
10/2/2022,Laptop,Electronics,East,7,1750.00,90.21
2/11/2022,Tablet,Electronics,East,7,8337.00,753.35
9/15/2022,Keyboard,Accessories,East,9,9810.00,549.46
1/28/2024,Keyboard,Accessories,East,3,2658.00,794.36
7/23/2022,Printer,Office,West,1,473.00,43.65
1/14/2022,Tablet,Electronics,North,9,2205.00,410.01
6/13/2023,Smartphone,Electronics,South,9,6948.00,1409.30
9/9/2022,Tablet,Electronics,North,3,774.00,212.02
12/26/2023,Tablet,Electronics,North,3,2532.00,343.13
11/16/2024,Laptop,Electronics,West,7,6587.00,1173.91
4/1/2024,Smartphone,Electronics,East,7,7266.00,806.79
11/27/2024,Smartphone,Electronics,East,7,6867.00,502.06
7/1/2023,Camera,Electronics,South,9,4887.00,396.36
2/13/2023,Mouse,Accessories,West,4,864.00,251.99
11/9/2023,Smartphone,Electronics,East,6,5190.00,1215.07
5/20/2022,Keyboard,Accessories,South,8,2128.00,294.45
6/26/2024,Mouse,Accessories,East,2,1718.00,218.82
5/2/2022,Smartphone,Electronics,North,2,1270.00,229.39
5/18/2023,Keyboard,Accessories,East,7,2569.00,130.19
2/14/2022,Printer,Office,South,2,1518.00,262.65
11/22/2022,Headphones,Accessories,South,2,1210.00,268.37
3/15/2022,Mouse,Accessories,East,2,1128.00,94.13
8/23/2023,Headphones,Accessories,North,1,1077.00,77.97
12/18/2023,Keyboard,Accessories,East,6,2244.00,517.47
9/16/2022,Mouse,Accessories,West,8,1608.00,464.18
12/15/2024,Camera,Electronics,West,5,3685.00,476.20
4/25/2024,Camera,Electronics,North,8,4080.00,1079.49
2/9/2024,Monitor,Accessories,North,1,404.00,84.40
4/19/2023,Keyboard,Accessories,South,2,1738.00,163.38
1/31/2023,Printer,Office,West,3,828.00,210.33
11/24/2023,Mouse,Accessories,North,4,4344.00,461.72
10/2/2023,Tablet,Electronics,North,1,1130.00,268.88
4/18/2024,Headphones,Accessories,North,3,1698.00,304.91
6/27/2023,Tablet,Electronics,East,4,844.00,136.02
2/20/2023,Printer,Office,West,2,2286.00,218.18
12/12/2023,Camera,Electronics,East,2,1026.00,170.31
10/4/2023,Laptop,Electronics,West,6,6984.00,1433.65
2/18/2022,Monitor,Accessories,West,4,1672.00,432.35
1/8/2023,Laptop,Electronics,North,6,1092.00,63.98
4/1/2024,Headphones,Accessories,South,2,272.00,24.71
11/12/2023,Headphones,Accessories,West,2,1126.00,204.99
10/22/2023,Mouse,Accessories,West,7,8155.00,2177.38
3/29/2023,Smartwatch,Electronics,East,7,4298.00,358.38
12/17/2022,Smartphone,Electronics,East,5,1365.00,310.66
11/28/2024,Camera,Electronics,West,6,4116.00,381.35
4/7/2022,Headphones,Accessories,South,8,904.00,181.45
12/5/2024,Smartwatch,Electronics,South,1,70.00,10.64
9/3/2023,Keyboard,Accessories,East,2,344.00,72.87
8/19/2023,Printer,Office,East,1,330.00,78.52
8/17/2024,Headphones,Accessories,South,2,518.00,34.22
8/18/2022,Mouse,Accessories,North,9,2763.00,458.40
3/26/2022,Smartwatch,Electronics,North,2,2298.00,343.53
10/2/2024,Monitor,Accessories,South,1,436.00,73.89
9/28/2022,Mouse,Accessories,East,6,1824.00,213.47
5/12/2024,Laptop,Electronics,North,5,1540.00,411.83
3/14/2023,Tablet,Electronics,East,7,5572.00,385.82
9/21/2023,Monitor,Accessories,East,6,3030.00,335.71
5/2/2024,Monitor,Accessories,West,5,1245.00,345.84
1/31/2022,Tablet,Electronics,South,4,1252.00,326.69
6/4/2024,Camera,Electronics,North,9,4959.00,479.28
2/16/2023,Monitor,Accessories,West,7,8162.00,443.81
5/26/2023,Monitor,Accessories,East,5,1370.00,253.92
12/28/2023,Tablet,Electronics,North,3,3111.00,607.23
10/10/2022,Mouse,Accessories,South,7,7805.00,1078.03
4/21/2024,Smartphone,Electronics,South,9,10314.00,2729.60
9/29/2023,Keyboard,Accessories,South,9,10782.00,2730.14
10/22/2024,Monitor,Accessories,West,5,4375.00,987.96
7/31/2023,Monitor,Accessories,North,5,2265.00,595.05
4/15/2022,Laptop,Electronics,East,1,166.00,9.69
4/24/2024,Headphones,Accessories,North,7,7217.00,1481.70
1/16/2022,Tablet,Electronics,East,3,1767.00,186.54
12/6/2023,Laptop,Electronics,East,3,2883.00,557.81
9/4/2024,Smartwatch,Electronics,South,3,1338.00,396.08
8/24/2024,Printer,Office,East,9,9459.00,604.06
6/10/2022,Printer,Office,North,3,168.00,45.31
10/3/2022,Smartphone,Electronics,South,9,4536.00,479.78
2/25/2022,Mouse,Accessories,East,4,4404.00,793.70
8/18/2023,Monitor,Accessories,North,4,1952.00,148.67
12/23/2022,Mouse,Accessories,North,3,2004.00,467.76
6/30/2022,Keyboard,Accessories,South,4,468.00,131.48
11/10/2024,Smartphone,Electronics,West,9,8667.00,1597.49
2/24/2024,Printer,Office,West,7,6097.00,567.32
4/11/2022,Headphones,Accessories,South,9,4752.00,1415.65
5/10/2023,Keyboard,Accessories,East,1,1172.00,124.90
5/20/2022,Keyboard,Accessories,North,2,1608.00,170.29
5/21/2023,Printer,Office,South,7,7595.00,969.07
7/17/2024,Smartwatch,Electronics,West,1,1142.00,306.84
11/18/2024,Keyboard,Accessories,North,2,116.00,13.67
6/6/2022,Smartphone,Electronics,East,9,3951.00,908.13
12/21/2023,Keyboard,Accessories,East,2,1606.00,138.96
11/16/2022,Headphones,Accessories,South,3,2025.00,403.00
7/24/2023,Smartwatch,Electronics,West,2,2006.00,235.52
6/5/2024,Camera,Electronics,South,9,9423.00,652.06
8/24/2022,Laptop,Electronics,North,4,2276.00,399.94
8/22/2022,Monitor,Accessories,West,5,4880.00,664.06
11/18/2024,Laptop,Electronics,East,3,1773.00,183.15
1/21/2023,Smartwatch,Electronics,South,9,2718.00,195.97
11/7/2022,Headphones,Accessories,East,4,3168.00,939.45
1/31/2022,Camera,Electronics,West,2,1716.00,368.06
2/7/2024,Smartphone,Electronics,West,2,214.00,14.08
6/4/2024,Camera,Electronics,East,2,2092.00,366.12
3/21/2024,Headphones,Accessories,West,3,225.00,46.96
3/26/2023,Smartwatch,Electronics,East,1,859.00,217.67
4/10/2022,Printer,Office,West,2,2070.00,183.41
6/10/2024,Keyboard,Accessories,South,6,3240.00,758.19
10/8/2022,Tablet,Electronics,East,2,1748.00,506.52
7/6/2023,Mouse,Accessories,West,8,2080.00,108.48
6/18/2022,Smartwatch,Electronics,North,3,2193.00,521.14
6/8/2023,Headphones,Accessories,West,5,2080.00,614.77
5/13/2022,Mouse,Accessories,South,5,5070.00,986.39
3/8/2024,Laptop,Electronics,South,7,469.00,47.40
10/8/2023,Printer,Office,South,1,802.00,153.55
12/31/2024,Smartphone,Electronics,West,6,930.00,213.60
3/11/2022,Smartwatch,Electronics,South,1,495.00,55.17
8/1/2024,Monitor,Accessories,East,6,4938.00,847.89
8/21/2022,Tablet,Electronics,South,2,1300.00,267.46
12/11/2024,Mouse,Accessories,South,7,2100.00,131.67
3/13/2024,Camera,Electronics,South,2,2248.00,636.52
12/5/2023,Headphones,Accessories,North,8,7096.00,991.23
5/13/2022,Headphones,Accessories,East,3,1992.00,252.21
1/29/2022,Camera,Electronics,South,4,4056.00,1189.26
12/22/2022,Camera,Electronics,East,2,1986.00,208.88
4/7/2024,Printer,Office,East,3,1635.00,196.73
3/5/2022,Smartwatch,Electronics,East,9,3132.00,443.27
5/21/2023,Smartphone,Electronics,South,8,7064.00,1554.52
3/16/2024,Camera,Electronics,East,1,907.00,249.20
1/14/2023,Mouse,Accessories,South,9,7938.00,1191.41
11/11/2023,Printer,Office,South,4,4360.00,1207.46
8/19/2024,Keyboard,Accessories,West,3,375.00,95.04
9/24/2022,Monitor,Accessories,North,7,826.00,101.01
11/4/2023,Headphones,Accessories,East,1,1011.00,186.42
9/9/2023,Mouse,Accessories,East,3,807.00,148.58
12/17/2024,Headphones,Accessories,North,2,1840.00,367.70
2/7/2022,Keyboard,Accessories,West,5,4550.00,1039.34
1/7/2024,Smartphone,Electronics,North,9,8793.00,901.70
7/9/2024,Headphones,Accessories,North,5,310.00,32.01
11/28/2023,Headphones,Accessories,East,3,1143.00,275.04
3/10/2022,Monitor,Accessories,West,3,2610.00,740.21
7/31/2022,Tablet,Electronics,West,6,1494.00,269.25
7/5/2023,Smartphone,Electronics,North,4,1524.00,189.32
11/21/2023,Tablet,Electronics,North,9,9441.00,2171.42
6/18/2022,Smartphone,Electronics,South,4,3520.00,417.26
3/29/2023,Tablet,Electronics,West,2,390.00,103.99
1/27/2024,Printer,Office,South,3,3219.00,255.09
9/29/2024,Laptop,Electronics,North,1,450.00,75.89
8/12/2023,Smartwatch,Electronics,South,4,828.00,216.98
1/17/2022,Printer,Office,East,1,1146.00,152.79
7/9/2024,Monitor,Accessories,West,3,1986.00,361.33
3/21/2023,Smartwatch,Electronics,North,8,7264.00,1776.83
6/8/2023,Laptop,Electronics,East,7,7469.00,915.63
3/19/2024,Laptop,Electronics,South,5,1385.00,165.55
3/13/2023,Tablet,Electronics,North,4,4556.00,315.07
2/8/2024,Monitor,Accessories,North,3,456.00,61.42
11/15/2024,Monitor,Accessories,North,2,1984.00,125.13
9/17/2024,Smartwatch,Electronics,North,6,5178.00,1321.58
5/11/2023,Smartwatch,Electronics,West,1,281.00,30.51
11/26/2024,Monitor,Accessories,South,9,3033.00,177.92
3/27/2022,Camera,Electronics,East,3,1107.00,65.88
4/10/2022,Mouse,Accessories,South,3,1446.00,356.70
7/27/2024,Printer,Office,North,3,1335.00,263.04
1/23/2023,Mouse,Accessories,South,2,266.00,20.11
4/22/2024,Smartphone,Electronics,West,6,648.00,162.30
3/15/2023,Tablet,Electronics,South,2,344.00,80.87
5/25/2024,Smartphone,Electronics,West,6,5724.00,1640.19
3/16/2022,Headphones,Accessories,East,5,4920.00,323.38
1/7/2023,Camera,Electronics,West,5,5440.00,457.04
4/25/2024,Smartphone,Electronics,West,7,7994.00,908.65
10/23/2023,Camera,Electronics,South,9,3780.00,724.36
5/27/2023,Smartphone,Electronics,North,1,1017.00,209.97
1/31/2023,Smartphone,Electronics,West,6,1578.00,82.85
10/9/2023,Smartphone,Electronics,South,2,912.00,161.37
4/29/2024,Laptop,Electronics,West,6,2520.00,182.59
12/6/2024,Mouse,Accessories,East,8,2632.00,262.55
7/10/2023,Monitor,Accessories,West,6,6582.00,729.68
1/16/2024,Camera,Electronics,East,8,3432.00,172.69
9/10/2023,Keyboard,Accessories,South,2,1030.00,254.65
10/13/2022,Mouse,Accessories,West,8,1192.00,289.91
7/24/2024,Printer,Office,West,9,7083.00,994.47
2/22/2022,Printer,Office,South,7,3675.00,227.14
10/30/2023,Monitor,Accessories,North,4,4740.00,833.27
4/14/2024,Headphones,Accessories,East,4,1716.00,364.96
2/7/2023,Printer,Office,South,7,3528.00,260.06
6/22/2022,Camera,Electronics,South,3,777.00,71.72
4/29/2022,Camera,Electronics,East,4,3368.00,558.93
10/11/2022,Tablet,Electronics,North,4,4240.00,251.46
4/15/2022,Laptop,Electronics,South,3,3285.00,292.87
1/14/2023,Smartphone,Electronics,South,6,4872.00,612.73
8/24/2022,Smartphone,Electronics,East,9,2466.00,638.41
10/26/2024,Tablet,Electronics,West,5,2465.00,497.19
5/15/2023,Tablet,Electronics,North,3,612.00,40.15
10/25/2022,Tablet,Electronics,South,5,4170.00,658.98
3/13/2023,Camera,Electronics,South,8,1088.00,160.33
7/30/2024,Keyboard,Accessories,West,2,1626.00,354.49
11/6/2023,Smartphone,Electronics,North,6,6486.00,359.49
12/14/2022,Monitor,Accessories,West,8,6968.00,1226.22
1/3/2024,Smartphone,Electronics,North,1,357.00,82.86
2/17/2024,Laptop,Electronics,South,1,454.00,58.40
4/4/2024,Tablet,Electronics,East,3,3582.00,501.47
6/25/2024,Tablet,Electronics,West,9,3762.00,484.75
10/31/2024,Smartwatch,Electronics,South,9,6642.00,394.48
9/25/2024,Monitor,Accessories,West,4,408.00,45.20
3/8/2024,Tablet,Electronics,West,1,105.00,25.26
5/4/2024,Tablet,Electronics,West,3,2682.00,584.69
7/11/2022,Keyboard,Accessories,East,7,497.00,76.31
8/19/2022,Printer,Office,South,7,4823.00,420.58
10/1/2024,Smartwatch,Electronics,North,8,4048.00,666.10
10/19/2023,Printer,Office,South,7,2758.00,459.02
12/23/2022,Smartphone,Electronics,North,8,4096.00,266.35
10/11/2024,Printer,Office,North,8,7264.00,1318.00
4/9/2022,Mouse,Accessories,East,6,4302.00,957.38
3/3/2022,Printer,Office,North,7,3297.00,583.86
1/27/2023,Printer,Office,North,5,5960.00,1139.78
1/22/2024,Keyboard,Accessories,West,1,386.00,114.90
1/20/2022,Printer,Office,West,1,684.00,170.36
6/15/2022,Laptop,Electronics,South,3,1275.00,168.64
5/18/2023,Mouse,Accessories,North,9,5949.00,368.51
2/6/2023,Camera,Electronics,East,7,5159.00,755.22
7/1/2022,Monitor,Accessories,North,4,1100.00,127.13
1/26/2024,Mouse,Accessories,South,2,290.00,50.23
8/5/2023,Smartwatch,Electronics,East,8,7144.00,492.10
8/9/2022,Keyboard,Accessories,West,5,4200.00,330.48
2/8/2022,Monitor,Accessories,North,6,5022.00,291.89
12/13/2024,Smartphone,Electronics,West,2,2354.00,371.34
10/10/2024,Smartphone,Electronics,South,2,2032.00,149.70
10/15/2024,Printer,Office,South,8,9528.00,1942.35
5/25/2024,Keyboard,Accessories,South,2,2372.00,275.88
2/14/2022,Laptop,Electronics,West,3,2703.00,609.75
5/4/2023,Laptop,Electronics,South,4,1264.00,267.82
5/21/2024,Smartphone,Electronics,South,4,1624.00,333.74
5/14/2023,Mouse,Accessories,West,8,2976.00,507.77
7/2/2024,Headphones,Accessories,West,6,4998.00,863.82
4/18/2024,Printer,Office,South,1,445.00,29.57
10/20/2022,Printer,Office,West,1,98.00,28.57
8/22/2022,Tablet,Electronics,North,7,4102.00,354.03
1/11/2022,Printer,Office,North,1,1016.00,171.31
8/18/2023,Headphones,Accessories,South,4,1960.00,234.88
9/15/2024,Mouse,Accessories,West,7,2751.00,675.95
7/15/2022,Smartphone,Electronics,East,7,4032.00,742.98
7/28/2024,Smartphone,Electronics,West,7,5978.00,1791.25
12/16/2023,Headphones,Accessories,West,7,8050.00,2129.97
5/24/2024,Monitor,Accessories,East,7,4648.00,1240.98
6/14/2022,Smartphone,Electronics,North,3,1119.00,108.68
6/14/2023,Printer,Office,South,9,2178.00,382.67
12/11/2024,Laptop,Electronics,East,1,918.00,180.31
2/5/2023,Smartphone,Electronics,East,9,6903.00,837.35
8/21/2023,Keyboard,Accessories,North,5,4855.00,534.23
12/18/2023,Camera,Electronics,South,2,2158.00,483.94
4/13/2023,Mouse,Accessories,North,7,4550.00,1077.80
9/24/2023,Tablet,Electronics,West,4,3592.00,249.54
12/19/2022,Tablet,Electronics,South,8,3488.00,943.25
5/21/2022,Monitor,Accessories,North,2,1214.00,163.80
9/21/2024,Mouse,Accessories,West,9,7200.00,1469.23
3/24/2023,Laptop,Electronics,East,8,1808.00,339.31
12/29/2022,Camera,Electronics,West,9,7083.00,560.88
6/5/2024,Monitor,Accessories,East,4,1060.00,260.21
11/17/2022,Smartwatch,Electronics,South,9,7182.00,461.61
5/7/2024,Smartphone,Electronics,West,6,5532.00,552.74
8/23/2024,Headphones,Accessories,South,8,1800.00,326.03
12/17/2023,Headphones,Accessories,South,1,351.00,32.61
11/10/2022,Smartwatch,Electronics,West,2,1200.00,191.43
12/1/2023,Tablet,Electronics,South,9,1593.00,322.46
12/15/2024,Monitor,Accessories,East,3,2580.00,448.02
3/12/2022,Keyboard,Accessories,East,6,6780.00,1794.97
3/25/2022,Smartphone,Electronics,South,2,1298.00,204.08
12/24/2024,Smartwatch,Electronics,South,7,4585.00,383.97
4/16/2023,Tablet,Electronics,North,1,516.00,70.53
5/14/2024,Tablet,Electronics,West,4,1780.00,420.28
11/7/2022,Keyboard,Accessories,North,5,365.00,94.05
2/26/2023,Tablet,Electronics,South,8,3896.00,735.66
4/28/2024,Laptop,Electronics,South,1,636.00,169.24
7/27/2024,Monitor,Accessories,East,7,637.00,87.86
9/26/2023,Keyboard,Accessories,South,3,1302.00,180.82
8/24/2024,Smartphone,Electronics,West,1,719.00,40.42
8/8/2023,Camera,Electronics,West,6,5106.00,1341.93
7/11/2023,Mouse,Accessories,West,3,1215.00,129.80
5/23/2024,Camera,Electronics,East,9,1791.00,187.28
9/30/2023,Printer,Office,East,9,6255.00,452.46
5/2/2023,Printer,Office,East,5,4165.00,1012.37
12/31/2023,Monitor,Accessories,South,5,5990.00,1192.11
12/1/2023,Tablet,Electronics,South,1,847.00,142.74
2/4/2024,Camera,Electronics,East,8,688.00,131.26
6/24/2023,Tablet,Electronics,East,2,1188.00,286.38
8/20/2023,Camera,Electronics,North,7,3101.00,926.09
12/30/2024,Headphones,Accessories,West,9,8703.00,1562.88
10/29/2024,Printer,Office,West,9,9324.00,2416.93
9/20/2024,Laptop,Electronics,North,1,749.00,68.17
11/17/2024,Smartwatch,Electronics,West,4,3224.00,871.53
10/1/2023,Monitor,Accessories,South,3,459.00,40.96
12/24/2024,Smartwatch,Electronics,East,7,5726.00,976.14
4/20/2022,Keyboard,Accessories,West,4,616.00,175.75
12/24/2024,Laptop,Electronics,North,2,1584.00,406.25
6/24/2023,Laptop,Electronics,East,5,3205.00,368.41
9/18/2024,Printer,Office,East,1,958.00,186.76
12/18/2023,Laptop,Electronics,East,9,5139.00,1315.93
11/9/2024,Smartphone,Electronics,West,5,3795.00,239.15
3/3/2024,Camera,Electronics,East,2,810.00,229.33
5/11/2024,Camera,Electronics,South,6,5106.00,1500.20
6/30/2024,Monitor,Accessories,West,2,798.00,79.25
2/22/2022,Laptop,Electronics,West,5,3165.00,895.33
9/21/2023,Tablet,Electronics,East,5,5935.00,875.84
6/27/2022,Keyboard,Accessories,South,4,3352.00,663.15
1/29/2024,Smartphone,Electronics,West,9,8343.00,821.00
5/25/2022,Monitor,Accessories,East,4,2604.00,411.38
10/28/2023,Headphones,Accessories,West,1,526.00,108.88
11/12/2023,Monitor,Accessories,West,9,5220.00,1324.01
11/12/2023,Printer,Office,North,9,1737.00,152.98
10/24/2022,Mouse,Accessories,West,6,3186.00,841.04
1/13/2023,Smartphone,Electronics,West,6,7014.00,1202.25
1/17/2023,Mouse,Accessories,South,9,3411.00,444.87
1/20/2022,Monitor,Accessories,East,1,513.00,87.58
7/5/2022,Smartphone,Electronics,West,1,1104.00,277.85
8/11/2022,Smartphone,Electronics,East,9,2718.00,271.51
5/14/2023,Headphones,Accessories,North,6,1662.00,416.30
12/16/2023,Mouse,Accessories,West,5,1700.00,360.59
12/6/2024,Tablet,Electronics,South,4,2932.00,597.65
10/13/2023,Mouse,Accessories,North,4,3604.00,971.14
3/26/2024,Camera,Electronics,West,4,4596.00,553.58
4/5/2024,Smartwatch,Electronics,East,6,930.00,68.24
6/24/2023,Tablet,Electronics,North,3,2790.00,470.93
5/22/2022,Smartphone,Electronics,North,6,4596.00,1162.75
10/15/2023,Keyboard,Accessories,South,1,962.00,260.28
10/23/2024,Smartphone,Electronics,North,1,92.00,14.88
9/29/2024,Keyboard,Accessories,North,5,1130.00,254.99
4/29/2024,Headphones,Accessories,East,6,6024.00,1706.41
1/16/2024,Printer,Office,South,1,879.00,135.00
6/6/2022,Monitor,Accessories,East,8,2384.00,444.98
12/25/2024,Camera,Electronics,South,4,4644.00,277.26
4/4/2024,Keyboard,Accessories,East,1,607.00,79.78
9/29/2022,Mouse,Accessories,South,7,770.00,129.11
11/6/2022,Keyboard,Accessories,South,1,711.00,158.89
8/2/2023,Keyboard,Accessories,South,2,1088.00,235.83
3/5/2024,Laptop,Electronics,East,7,4704.00,513.14
12/15/2022,Laptop,Electronics,East,5,660.00,90.86
11/25/2022,Headphones,Accessories,South,5,4680.00,516.26
10/6/2022,Camera,Electronics,East,7,6797.00,665.29
12/11/2024,Mouse,Accessories,North,9,558.00,38.86
9/13/2023,Monitor,Accessories,East,4,4496.00,1115.75
5/28/2022,Keyboard,Accessories,South,1,713.00,62.78
8/17/2022,Camera,Electronics,East,2,1310.00,212.43
10/31/2024,Keyboard,Accessories,West,9,2853.00,564.05
11/20/2023,Camera,Electronics,South,2,2324.00,516.06
4/16/2024,Laptop,Electronics,North,1,330.00,53.42
9/22/2023,Camera,Electronics,South,3,588.00,100.52
5/7/2024,Smartphone,Electronics,East,1,63.00,11.91
3/15/2022,Tablet,Electronics,East,7,847.00,147.71
6/28/2024,Printer,Office,East,1,1037.00,56.89
1/6/2024,Mouse,Accessories,North,1,373.00,72.17
12/20/2023,Laptop,Electronics,North,1,1176.00,157.47
1/11/2022,Smartphone,Electronics,East,3,2139.00,422.52
12/11/2024,Monitor,Accessories,West,9,4140.00,301.12
1/13/2024,Laptop,Electronics,North,1,1038.00,63.23
7/28/2024,Monitor,Accessories,East,8,2024.00,203.11
4/15/2022,Smartwatch,Electronics,South,6,6624.00,1136.09
9/23/2023,Smartwatch,Electronics,East,7,5019.00,1154.79
4/15/2024,Smartphone,Electronics,East,5,750.00,207.77
3/23/2023,Camera,Electronics,North,7,6461.00,1455.36
11/4/2023,Tablet,Electronics,West,6,2946.00,208.01
5/24/2024,Monitor,Accessories,South,1,618.00,81.04
3/27/2022,Printer,Office,South,2,1774.00,322.49
5/11/2022,Camera,Electronics,East,9,8586.00,700.37
2/13/2024,Laptop,Electronics,South,5,2000.00,232.41
2/16/2023,Mouse,Accessories,East,1,849.00,205.88
8/13/2023,Mouse,Accessories,East,6,3186.00,374.63
5/15/2024,Monitor,Accessories,South,4,2536.00,495.13
5/9/2024,Smartwatch,Electronics,South,2,1306.00,228.41
5/2/2022,Tablet,Electronics,East,3,2508.00,631.85
7/13/2024,Tablet,Electronics,North,8,1048.00,107.56
11/19/2022,Keyboard,Accessories,East,4,1516.00,256.96
3/4/2024,Smartphone,Electronics,West,9,10458.00,1835.21
5/20/2024,Headphones,Accessories,East,9,2754.00,259.16
9/28/2022,Printer,Office,West,4,3432.00,364.27
12/25/2022,Monitor,Accessories,South,2,1234.00,257.89
7/30/2022,Monitor,Accessories,East,1,847.00,146.25
10/23/2022,Keyboard,Accessories,South,7,7672.00,896.11
4/4/2024,Monitor,Accessories,North,9,7596.00,1454.15
11/2/2024,Keyboard,Accessories,East,7,7252.00,1357.27
12/5/2024,Smartwatch,Electronics,West,6,732.00,136.59
6/27/2023,Smartphone,Electronics,West,1,173.00,20.96
3/18/2023,Camera,Electronics,North,3,2805.00,749.50
9/18/2023,Smartphone,Electronics,West,8,7048.00,391.96
8/16/2024,Mouse,Accessories,East,6,4698.00,1020.11
1/17/2024,Smartwatch,Electronics,South,1,565.00,148.79
6/17/2023,Monitor,Accessories,North,1,672.00,198.75
7/24/2022,Camera,Electronics,South,6,2604.00,566.34
5/31/2024,Tablet,Electronics,West,6,5124.00,501.50
8/14/2022,Smartwatch,Electronics,West,5,2455.00,714.35
3/1/2022,Printer,Office,North,2,1796.00,225.15
1/25/2022,Laptop,Electronics,South,1,288.00,61.85
7/23/2023,Laptop,Electronics,North,5,2160.00,553.41
3/10/2022,Tablet,Electronics,West,1,105.00,27.36
5/5/2023,Monitor,Accessories,South,9,7578.00,1596.64
3/10/2023,Headphones,Accessories,South,1,365.00,50.10
4/23/2024,Camera,Electronics,West,8,3752.00,537.98
8/21/2024,Keyboard,Accessories,North,2,1384.00,316.21
2/21/2023,Smartphone,Electronics,West,5,475.00,76.22
1/9/2023,Printer,Office,West,4,1116.00,242.31
8/24/2023,Smartphone,Electronics,West,1,137.00,39.35
1/12/2022,Headphones,Accessories,South,6,738.00,158.96
10/9/2023,Camera,Electronics,West,3,1821.00,543.01
4/22/2022,Keyboard,Accessories,West,7,3654.00,670.16
7/14/2024,Keyboard,Accessories,East,6,2592.00,404.89
4/25/2022,Camera,Electronics,East,6,996.00,225.75
7/10/2024,Mouse,Accessories,North,1,693.00,62.75
10/24/2023,Keyboard,Accessories,East,3,513.00,48.23
5/17/2024,Smartwatch,Electronics,East,8,5736.00,937.62
4/6/2023,Mouse,Accessories,East,2,1458.00,208.93
12/3/2022,Smartphone,Electronics,East,8,5496.00,1104.93
1/7/2022,Tablet,Electronics,North,3,3183.00,358.87
7/27/2023,Headphones,Accessories,East,6,3990.00,975.50
2/5/2024,Smartphone,Electronics,West,2,582.00,76.45
5/3/2022,Printer,Office,South,5,3340.00,845.53
8/30/2023,Monitor,Accessories,West,1,890.00,59.10
9/22/2024,Printer,Office,East,6,4890.00,689.01
10/19/2023,Keyboard,Accessories,East,3,2625.00,349.61
9/14/2022,Smartwatch,Electronics,North,4,1440.00,200.09
12/26/2024,Headphones,Accessories,North,5,505.00,93.85
1/28/2022,Laptop,Electronics,North,8,8192.00,1822.87
8/9/2023,Keyboard,Accessories,East,3,1920.00,144.30
10/18/2022,Smartwatch,Electronics,West,8,8768.00,1065.80
10/12/2022,Mouse,Accessories,North,1,1140.00,117.05
1/23/2023,Laptop,Electronics,North,4,952.00,264.61
5/2/2024,Smartphone,Electronics,North,1,225.00,51.07
8/1/2022,Printer,Office,South,4,1304.00,336.95
6/25/2023,Camera,Electronics,East,3,1029.00,206.83
2/29/2024,Printer,Office,South,3,3402.00,442.67
5/24/2022,Laptop,Electronics,North,9,8460.00,1201.94
3/7/2024,Monitor,Accessories,North,1,104.00,26.86
12/18/2023,Monitor,Accessories,West,9,10665.00,1595.08
8/12/2023,Smartwatch,Electronics,East,8,984.00,183.07
9/18/2024,Smartphone,Electronics,North,4,2064.00,359.30
3/8/2022,Laptop,Electronics,North,2,594.00,172.47
10/25/2023,Printer,Office,South,8,6016.00,898.33
8/22/2024,Smartphone,Electronics,North,8,2864.00,195.16
7/17/2024,Tablet,Electronics,North,4,724.00,186.95
2/11/2024,Mouse,Accessories,East,6,4098.00,1174.46
6/12/2023,Monitor,Accessories,North,1,338.00,32.61
3/9/2024,Printer,Office,West,8,9280.00,1596.88
4/16/2022,Smartwatch,Electronics,East,1,890.00,57.04
4/26/2023,Tablet,Electronics,South,2,1790.00,442.75
10/1/2023,Tablet,Electronics,North,9,8523.00,978.97
2/21/2023,Headphones,Accessories,West,9,7776.00,677.74
3/20/2024,Mouse,Accessories,North,7,3031.00,417.50
10/2/2022,Camera,Electronics,South,9,4698.00,1262.47
6/13/2023,Keyboard,Accessories,West,9,4851.00,1408.41
1/22/2023,Camera,Electronics,East,6,4542.00,1169.16
9/21/2022,Headphones,Accessories,North,2,978.00,210.75
1/4/2022,Mouse,Accessories,South,9,9378.00,1740.97
8/6/2023,Smartwatch,Electronics,North,8,9464.00,2043.73
11/8/2024,Printer,Office,West,8,1720.00,401.26
7/11/2022,Keyboard,Accessories,West,8,4752.00,1124.22
10/23/2023,Keyboard,Accessories,South,4,584.00,127.28
7/28/2024,Camera,Electronics,North,9,4554.00,1031.09
7/23/2022,Tablet,Electronics,South,2,2392.00,483.39
11/20/2023,Camera,Electronics,South,7,3962.00,916.13
5/21/2023,Laptop,Electronics,North,3,1308.00,141.04
9/15/2023,Printer,Office,South,8,5912.00,1153.18
5/10/2023,Camera,Electronics,South,7,5831.00,1416.31
12/11/2022,Camera,Electronics,West,7,5572.00,690.68
8/11/2023,Monitor,Accessories,North,6,5214.00,1093.04
6/18/2022,Mouse,Accessories,East,9,6705.00,1283.78
1/28/2023,Headphones,Accessories,North,1,426.00,93.83
11/6/2024,Smartphone,Electronics,West,2,2204.00,523.82
8/25/2022,Smartphone,Electronics,North,3,2652.00,161.67
7/7/2023,Printer,Office,South,6,3132.00,919.52
6/4/2024,Printer,Office,West,5,1830.00,437.35
1/27/2024,Laptop,Electronics,East,9,2763.00,676.25
9/17/2022,Monitor,Accessories,North,8,9056.00,2281.97
3/10/2022,Camera,Electronics,North,7,5439.00,1416.62
8/1/2022,Camera,Electronics,South,6,828.00,47.91
10/1/2024,Smartwatch,Electronics,East,5,1910.00,463.07
2/19/2023,Tablet,Electronics,North,2,1874.00,333.86
8/2/2023,Mouse,Accessories,East,1,1032.00,291.41
6/26/2023,Keyboard,Accessories,East,3,3264.00,556.86
11/26/2022,Smartphone,Electronics,West,1,877.00,110.99
5/23/2022,Camera,Electronics,North,3,924.00,183.18
4/26/2023,Camera,Electronics,West,3,417.00,114.42
2/21/2024,Laptop,Electronics,West,5,2670.00,155.89
6/18/2024,Keyboard,Accessories,South,7,2716.00,512.09
5/18/2023,Headphones,Accessories,West,9,10134.00,1334.37
1/19/2022,Monitor,Accessories,North,5,5500.00,1230.98
12/7/2024,Tablet,Electronics,East,6,6228.00,1756.82
6/16/2024,Laptop,Electronics,West,7,1092.00,274.77
6/24/2023,Monitor,Accessories,West,5,3255.00,332.54
6/28/2022,Tablet,Electronics,West,5,5645.00,1320.86
3/20/2024,Smartphone,Electronics,North,9,7578.00,466.87
4/21/2023,Keyboard,Accessories,South,9,6282.00,1594.61
12/29/2024,Laptop,Electronics,South,6,2364.00,639.29
12/12/2023,Keyboard,Accessories,North,8,6880.00,1570.91
10/30/2022,Smartphone,Electronics,East,6,3288.00,249.02
2/1/2024,Monitor,Accessories,East,6,5292.00,659.58
11/6/2023,Printer,Office,North,3,3522.00,883.41
10/8/2022,Smartwatch,Electronics,West,2,1518.00,87.60
6/17/2023,Tablet,Electronics,North,7,2457.00,690.55
1/9/2024,Headphones,Accessories,West,1,309.00,62.08
1/24/2022,Monitor,Accessories,North,6,6192.00,717.46
6/4/2022,Camera,Electronics,East,5,4235.00,747.96
8/13/2022,Smartwatch,Electronics,North,9,7128.00,457.11
7/23/2024,Tablet,Electronics,North,5,5660.00,641.69
5/23/2024,Smartphone,Electronics,South,1,787.00,120.38
11/13/2022,Mouse,Accessories,West,3,375.00,107.26
8/19/2023,Camera,Electronics,South,4,296.00,44.79
1/1/2022,Keyboard,Accessories,East,6,6372.00,570.75
6/16/2024,Mouse,Accessories,West,6,2214.00,322.73
9/16/2024,Headphones,Accessories,South,6,2640.00,734.44
11/8/2023,Camera,Electronics,South,7,2240.00,580.47
5/6/2023,Smartwatch,Electronics,East,7,6258.00,1347.74
1/2/2024,Printer,Office,West,8,3816.00,574.57
5/15/2022,Smartwatch,Electronics,South,2,390.00,115.48
7/1/2024,Tablet,Electronics,South,7,630.00,83.28
9/1/2022,Smartphone,Electronics,South,4,3868.00,819.26
6/27/2023,Monitor,Accessories,North,1,777.00,211.31
5/28/2024,Monitor,Accessories,North,3,1347.00,196.59
5/17/2023,Laptop,Electronics,East,9,7272.00,500.32
9/28/2024,Printer,Office,North,6,5724.00,857.33
5/7/2022,Headphones,Accessories,West,3,312.00,74.80
5/18/2023,Laptop,Electronics,East,3,1947.00,239.63
10/9/2023,Tablet,Electronics,North,6,1128.00,207.97
3/5/2023,Laptop,Electronics,East,9,4158.00,672.32
7/4/2024,Keyboard,Accessories,East,6,2670.00,782.28
5/31/2024,Headphones,Accessories,East,1,85.00,17.71
12/10/2023,Mouse,Accessories,East,8,4136.00,1056.54
5/7/2022,Tablet,Electronics,North,6,4332.00,348.61
7/1/2024,Monitor,Accessories,North,8,1600.00,305.30
10/28/2023,Tablet,Electronics,East,7,5075.00,471.21
7/27/2022,Tablet,Electronics,South,6,4152.00,1065.46
5/13/2022,Printer,Office,East,7,5635.00,1665.01
9/16/2022,Smartwatch,Electronics,East,3,3108.00,220.97
10/24/2022,Smartwatch,Electronics,South,7,4270.00,1197.44
2/15/2023,Monitor,Accessories,West,5,1350.00,321.90
3/7/2024,Keyboard,Accessories,East,3,330.00,81.86
7/13/2022,Camera,Electronics,South,6,4260.00,504.82
7/31/2022,Headphones,Accessories,North,3,2712.00,751.52
3/26/2024,Smartphone,Electronics,West,1,328.00,46.23
8/13/2023,Smartphone,Electronics,West,8,7776.00,498.60
5/8/2022,Laptop,Electronics,East,4,2896.00,522.82
5/7/2023,Tablet,Electronics,North,2,1902.00,388.83
1/29/2022,Smartwatch,Electronics,North,7,3255.00,814.85
3/2/2022,Keyboard,Accessories,North,3,633.00,162.40
4/11/2023,Tablet,Electronics,East,7,6209.00,402.78
5/9/2023,Smartwatch,Electronics,East,9,4698.00,1167.90
7/11/2024,Smartphone,Electronics,West,8,7424.00,1878.07
1/26/2022,Printer,Office,East,1,498.00,58.30
8/30/2023,Headphones,Accessories,East,1,111.00,27.91
8/18/2023,Laptop,Electronics,North,8,7520.00,1201.40
5/31/2023,Camera,Electronics,South,1,182.00,30.97
2/18/2022,Mouse,Accessories,West,5,5890.00,309.00
7/17/2024,Laptop,Electronics,South,4,3244.00,357.55
4/26/2024,Smartphone,Electronics,South,7,5229.00,1058.26
10/19/2022,Smartwatch,Electronics,North,9,5202.00,1271.47
3/15/2022,Keyboard,Accessories,West,3,438.00,67.43
2/14/2023,Keyboard,Accessories,East,6,6900.00,1109.73
9/11/2022,Tablet,Electronics,East,3,369.00,36.07
1/17/2024,Laptop,Electronics,West,4,4140.00,1229.85
4/13/2024,Printer,Office,South,3,1086.00,188.65
3/3/2023,Mouse,Accessories,South,2,2134.00,269.53
6/16/2022,Laptop,Electronics,North,6,5310.00,637.81
8/20/2023,Headphones,Accessories,East,6,2748.00,682.80
9/18/2024,Printer,Office,South,9,3357.00,405.61
1/28/2023,Smartwatch,Electronics,West,9,10206.00,592.77
10/20/2024,Smartphone,Electronics,South,6,2970.00,425.90
5/18/2022,Mouse,Accessories,West,4,1208.00,351.47
6/19/2024,Smartwatch,Electronics,South,3,945.00,135.59
7/6/2022,Monitor,Accessories,East,8,7040.00,996.02
11/22/2023,Smartphone,Electronics,West,4,3684.00,1009.10
2/23/2024,Headphones,Accessories,East,2,1262.00,190.02
6/24/2022,Mouse,Accessories,South,3,3504.00,807.65
12/15/2022,Printer,Office,East,6,4464.00,1122.37
4/2/2024,Laptop,Electronics,East,4,1324.00,227.20
7/17/2023,Camera,Electronics,East,6,4140.00,451.27
4/3/2024,Mouse,Accessories,West,8,2384.00,120.28
5/2/2022,Laptop,Electronics,West,8,4624.00,1313.36
12/13/2023,Smartwatch,Electronics,West,6,4812.00,662.54
1/18/2022,Tablet,Electronics,North,6,5640.00,856.44
9/23/2022,Smartwatch,Electronics,West,5,1840.00,307.09
11/1/2024,Keyboard,Accessories,North,7,8071.00,435.51
10/25/2022,Keyboard,Accessories,North,3,2400.00,297.07
7/1/2023,Smartwatch,Electronics,East,6,3570.00,265.62
3/27/2022,Laptop,Electronics,East,3,1758.00,245.92
8/6/2023,Monitor,Accessories,North,4,3072.00,394.20
8/16/2023,Mouse,Accessories,South,5,2185.00,136.10
2/3/2023,Smartphone,Electronics,North,8,7664.00,1251.65
3/13/2024,Headphones,Accessories,West,5,1710.00,338.10
8/17/2024,Printer,Office,South,2,1878.00,386.28
7/22/2023,Tablet,Electronics,South,1,569.00,141.33
4/5/2023,Smartwatch,Electronics,West,3,1488.00,296.36
4/20/2024,Mouse,Accessories,West,9,9918.00,1956.17
12/19/2022,Smartwatch,Electronics,South,3,432.00,36.84
9/18/2023,Tablet,Electronics,East,9,9828.00,1300.68
12/28/2024,Smartwatch,Electronics,North,5,3625.00,245.52
5/17/2022,Smartwatch,Electronics,South,3,2187.00,491.13
10/24/2023,Monitor,Accessories,South,5,5105.00,1003.40
12/9/2022,Headphones,Accessories,South,3,1392.00,345.78
11/7/2022,Smartphone,Electronics,North,2,744.00,110.81
6/5/2023,Smartwatch,Electronics,South,4,1724.00,233.21
10/26/2023,Mouse,Accessories,West,5,1940.00,423.17
7/28/2023,Mouse,Accessories,South,4,356.00,59.15
5/26/2023,Monitor,Accessories,West,5,1095.00,269.87
12/7/2022,Tablet,Electronics,North,8,4064.00,543.90
11/20/2024,Smartwatch,Electronics,West,7,5453.00,1592.37
3/31/2024,Monitor,Accessories,South,8,7104.00,529.35
4/17/2024,Keyboard,Accessories,East,9,2745.00,660.56
5/6/2024,Camera,Electronics,North,5,1030.00,64.81
2/25/2023,Tablet,Electronics,North,9,8973.00,471.86
12/14/2022,Keyboard,Accessories,North,2,794.00,128.50
12/20/2023,Printer,Office,South,6,2142.00,476.19
10/13/2023,Headphones,Accessories,East,2,414.00,51.10
6/14/2023,Tablet,Electronics,North,3,1416.00,220.70
4/2/2022,Tablet,Electronics,South,3,2103.00,541.35
6/20/2024,Camera,Electronics,West,3,861.00,173.49
5/19/2024,Headphones,Accessories,West,3,2367.00,222.26
1/16/2023,Tablet,Electronics,South,5,2435.00,688.82
5/7/2023,Printer,Office,South,4,2456.00,163.61
7/1/2023,Laptop,Electronics,East,4,3216.00,962.49
7/25/2024,Smartwatch,Electronics,East,4,4324.00,833.11
9/27/2023,Mouse,Accessories,South,4,2628.00,727.87
8/12/2023,Keyboard,Accessories,West,8,8992.00,2018.64
7/24/2024,Laptop,Electronics,West,6,360.00,22.16
7/26/2022,Tablet,Electronics,South,3,2067.00,479.39
12/3/2024,Mouse,Accessories,South,9,3573.00,550.44
8/15/2023,Laptop,Electronics,South,8,1800.00,142.86
11/28/2023,Printer,Office,South,8,3912.00,334.10
8/3/2022,Headphones,Accessories,North,8,5640.00,747.26
9/2/2022,Tablet,Electronics,South,1,552.00,115.74
4/25/2022,Mouse,Accessories,South,7,1428.00,289.65
1/12/2022,Printer,Office,West,1,349.00,42.05
10/30/2022,Tablet,Electronics,North,6,6402.00,1366.28
6/9/2023,Monitor,Accessories,East,9,657.00,185.95
1/13/2023,Mouse,Accessories,West,7,5327.00,950.70
1/27/2024,Keyboard,Accessories,North,4,4196.00,1152.45
11/4/2023,Laptop,Electronics,East,4,2892.00,863.47
8/7/2024,Laptop,Electronics,West,9,2772.00,432.77
7/13/2024,Smartwatch,Electronics,North,6,4692.00,1044.97
12/7/2022,Mouse,Accessories,East,6,2742.00,334.48
1/16/2023,Smartphone,Electronics,North,8,8896.00,1154.96
11/21/2022,Mouse,Accessories,North,2,2344.00,385.19
1/26/2022,Headphones,Accessories,South,7,4186.00,655.53
11/14/2024,Tablet,Electronics,East,9,5238.00,1152.42
10/20/2022,Mouse,Accessories,North,3,2982.00,452.22
5/14/2024,Smartwatch,Electronics,West,4,2580.00,602.50
1/17/2024,Keyboard,Accessories,West,5,2675.00,671.60
7/30/2024,Printer,Office,East,4,2396.00,608.50
9/30/2024,Laptop,Electronics,West,5,1600.00,242.25
9/9/2023,Smartwatch,Electronics,North,4,304.00,34.73
5/24/2024,Keyboard,Accessories,East,9,2070.00,457.39
9/12/2022,Printer,Office,North,5,1230.00,158.23
5/29/2023,Camera,Electronics,South,6,6234.00,758.78
1/27/2024,Headphones,Accessories,South,2,396.00,46.33
8/17/2023,Mouse,Accessories,East,9,2349.00,244.18
7/15/2023,Headphones,Accessories,North,9,5949.00,626.92
1/15/2022,Printer,Office,East,7,5957.00,1433.85
12/4/2024,Headphones,Accessories,East,3,1989.00,299.79
11/19/2024,Mouse,Accessories,South,1,1138.00,243.36
4/15/2022,Tablet,Electronics,West,9,3321.00,689.64
10/3/2023,Camera,Electronics,South,4,4480.00,592.82
2/14/2023,Smartwatch,Electronics,East,3,1533.00,440.88
2/10/2024,Mouse,Accessories,East,1,109.00,10.35
4/7/2024,Smartphone,Electronics,South,4,2380.00,594.86
8/22/2022,Printer,Office,South,8,2592.00,432.37
12/8/2023,Laptop,Electronics,East,6,5112.00,1289.47
4/2/2023,Smartwatch,Electronics,North,8,9392.00,1753.08
10/21/2024,Laptop,Electronics,West,2,2386.00,381.83
12/3/2024,Smartwatch,Electronics,South,5,465.00,71.23
4/19/2023,Smartphone,Electronics,West,2,604.00,102.52
10/2/2022,Smartwatch,Electronics,East,2,2216.00,650.27
6/6/2023,Mouse,Accessories,East,4,1168.00,220.22
1/26/2022,Monitor,Accessories,South,7,4088.00,230.43
2/24/2022,Keyboard,Accessories,West,7,2597.00,152.09
8/22/2023,Smartwatch,Electronics,West,3,2151.00,322.03
9/8/2024,Laptop,Electronics,East,6,462.00,71.22
10/23/2022,Mouse,Accessories,North,7,5957.00,1077.86
12/13/2023,Smartphone,Electronics,West,6,6978.00,2028.63
10/20/2024,Headphones,Accessories,South,1,282.00,72.50
12/5/2023,Camera,Electronics,East,1,157.00,27.65
7/14/2023,Monitor,Accessories,North,8,3304.00,404.33
2/13/2022,Headphones,Accessories,North,3,3051.00,201.26
6/16/2024,Mouse,Accessories,East,9,8082.00,1783.55
10/14/2024,Laptop,Electronics,West,3,510.00,110.38
4/20/2024,Tablet,Electronics,East,8,3976.00,1170.36
12/26/2023,Smartphone,Electronics,East,9,828.00,59.99
4/5/2023,Headphones,Accessories,West,7,2457.00,388.11
8/2/2023,Camera,Electronics,North,4,3924.00,298.07
11/30/2022,Headphones,Accessories,West,2,2018.00,227.75
9/8/2024,Monitor,Accessories,West,3,2043.00,479.90
6/7/2024,Printer,Office,West,5,1035.00,187.12
8/12/2023,Smartwatch,Electronics,North,6,2724.00,675.53
5/2/2023,Camera,Electronics,East,1,1120.00,127.32
10/26/2024,Monitor,Accessories,North,6,3438.00,631.95
9/27/2022,Smartwatch,Electronics,West,5,3170.00,379.27
6/25/2023,Smartwatch,Electronics,East,4,660.00,83.96
11/5/2022,Tablet,Electronics,East,7,4669.00,1088.15
8/12/2022,Smartwatch,Electronics,West,5,1045.00,89.00
2/27/2022,Keyboard,Accessories,North,4,2724.00,229.47
9/14/2023,Headphones,Accessories,West,8,5312.00,1583.00
11/23/2024,Tablet,Electronics,West,4,4252.00,445.18
10/9/2024,Printer,Office,East,7,8057.00,1652.27
6/20/2023,Keyboard,Accessories,South,7,2023.00,274.25
3/16/2024,Monitor,Accessories,South,8,9416.00,2125.54
11/27/2023,Monitor,Accessories,East,8,7560.00,494.34
1/8/2023,Monitor,Accessories,West,2,828.00,50.07
12/7/2023,Mouse,Accessories,West,1,527.00,27.45
9/11/2022,Keyboard,Accessories,North,2,1160.00,206.49
3/29/2022,Mouse,Accessories,West,5,5430.00,310.86
1/15/2024,Tablet,Electronics,South,7,6874.00,454.53
7/12/2023,Printer,Office,East,8,8952.00,1825.37
6/6/2022,Mouse,Accessories,East,8,416.00,67.81
11/18/2023,Smartphone,Electronics,South,3,1680.00,140.27
8/27/2022,Mouse,Accessories,South,7,4340.00,383.90
1/16/2022,Laptop,Electronics,West,9,7650.00,2130.82
4/3/2024,Smartwatch,Electronics,West,8,6328.00,412.76
8/19/2022,Keyboard,Accessories,West,2,1312.00,344.00
1/21/2022,Camera,Electronics,East,9,8055.00,2300.17
3/19/2022,Camera,Electronics,South,2,840.00,153.61
3/16/2023,Tablet,Electronics,South,9,9423.00,2794.89
12/30/2023,Monitor,Accessories,North,8,6520.00,1113.12
10/20/2022,Laptop,Electronics,North,3,1950.00,116.12
10/16/2023,Camera,Electronics,South,6,5928.00,1177.20
7/29/2023,Camera,Electronics,South,7,4809.00,1418.72
6/4/2023,Smartphone,Electronics,West,4,356.00,23.40
4/28/2023,Laptop,Electronics,South,2,570.00,94.39
5/13/2022,Monitor,Accessories,East,7,7791.00,907.96
5/10/2024,Smartwatch,Electronics,East,4,4168.00,494.48
8/21/2023,Tablet,Electronics,North,2,684.00,183.85
1/5/2024,Smartphone,Electronics,East,7,3857.00,447.99
9/7/2024,Camera,Electronics,North,5,3250.00,699.99
8/3/2023,Printer,Office,North,6,1194.00,79.62
5/7/2023,Laptop,Electronics,West,6,3486.00,320.91
8/5/2022,Monitor,Accessories,West,7,1554.00,370.97
7/19/2024,Smartwatch,Electronics,North,3,2601.00,463.36
11/15/2022,Headphones,Accessories,West,4,3616.00,745.75
2/1/2023,Mouse,Accessories,West,5,3350.00,986.33
12/20/2023,Smartwatch,Electronics,South,5,2545.00,588.47
8/26/2024,Monitor,Accessories,East,1,545.00,68.28
12/19/2023,Mouse,Accessories,North,7,1470.00,178.85
11/30/2023,Camera,Electronics,South,3,3126.00,870.95
12/27/2024,Laptop,Electronics,West,3,1368.00,302.29
12/21/2024,Headphones,Accessories,East,9,7083.00,1353.39
1/28/2024,Printer,Office,East,2,1994.00,453.74
9/3/2022,Camera,Electronics,North,4,4716.00,1084.16
2/29/2024,Monitor,Accessories,South,1,975.00,125.85
4/21/2023,Smartphone,Electronics,West,9,9891.00,1774.03
5/24/2024,Smartwatch,Electronics,South,2,626.00,159.49
5/19/2024,Monitor,Accessories,East,8,5632.00,1620.04
9/10/2024,Printer,Office,West,3,2568.00,734.60
9/12/2023,Tablet,Electronics,East,7,5285.00,629.07
11/8/2023,Camera,Electronics,East,2,516.00,122.77
5/31/2022,Monitor,Accessories,East,3,2139.00,503.08
1/5/2023,Laptop,Electronics,East,9,8136.00,1923.89
10/25/2024,Laptop,Electronics,West,5,2130.00,318.99
4/1/2024,Headphones,Accessories,South,5,3445.00,202.15
12/16/2024,Tablet,Electronics,East,8,5376.00,429.84
8/5/2023,Printer,Office,West,6,3006.00,730.14
12/31/2022,Headphones,Accessories,North,7,3941.00,1113.85
3/10/2023,Monitor,Accessories,North,5,3350.00,389.95
5/5/2024,Printer,Office,South,3,2019.00,265.44
6/9/2022,Headphones,Accessories,North,8,2416.00,403.38
5/13/2022,Monitor,Accessories,West,8,6160.00,684.71
4/7/2022,Printer,Office,East,4,2796.00,682.65
12/19/2024,Smartwatch,Electronics,South,7,7700.00,1573.41
6/17/2024,Smartwatch,Electronics,West,5,2095.00,193.93
9/25/2024,Camera,Electronics,North,5,5990.00,1548.62
12/27/2024,Smartwatch,Electronics,North,2,1206.00,307.02
3/15/2024,Smartwatch,Electronics,South,5,1330.00,285.78
7/25/2022,Camera,Electronics,West,6,2706.00,766.68
1/14/2023,Laptop,Electronics,East,3,426.00,50.80
11/13/2024,Tablet,Electronics,West,1,414.00,50.26
6/29/2024,Laptop,Electronics,East,5,5465.00,546.33
5/22/2024,Tablet,Electronics,South,3,726.00,71.06
4/30/2022,Smartwatch,Electronics,East,1,1001.00,225.75
2/16/2022,Mouse,Accessories,West,9,7362.00,1866.65
5/14/2022,Keyboard,Accessories,East,4,2284.00,576.59
12/17/2022,Tablet,Electronics,East,4,2940.00,566.36
5/16/2023,Printer,Office,South,4,3068.00,868.89
8/7/2024,Smartphone,Electronics,North,3,3477.00,862.21
8/4/2024,Smartwatch,Electronics,West,9,4014.00,204.48
8/7/2024,Monitor,Accessories,North,8,7200.00,804.53
4/3/2024,Smartwatch,Electronics,West,3,735.00,134.53
1/31/2023,Monitor,Accessories,East,3,2964.00,446.54
3/25/2022,Camera,Electronics,West,9,3699.00,276.07
5/14/2022,Printer,Office,West,3,1563.00,221.62
7/13/2023,Mouse,Accessories,South,2,124.00,32.27
7/3/2023,Mouse,Accessories,North,2,416.00,71.68
3/7/2023,Camera,Electronics,South,8,2624.00,294.24
11/4/2024,Headphones,Accessories,East,4,1636.00,134.85
12/24/2023,Headphones,Accessories,East,8,8200.00,1978.93
3/10/2022,Mouse,Accessories,East,5,5615.00,715.58
9/30/2022,Printer,Office,East,5,3085.00,413.52
12/7/2024,Keyboard,Accessories,South,6,3198.00,913.76
2/13/2022,Camera,Electronics,West,4,1848.00,374.66
4/11/2023,Smartwatch,Electronics,North,4,652.00,116.06
11/22/2022,Mouse,Accessories,South,6,2940.00,609.99
5/29/2022,Headphones,Accessories,East,4,3912.00,454.89
10/9/2022,Tablet,Electronics,South,8,9392.00,891.07
10/21/2022,Monitor,Accessories,West,1,312.00,43.01
11/24/2023,Laptop,Electronics,East,9,7731.00,1459.74
6/23/2023,Tablet,Electronics,West,1,1081.00,229.32
8/16/2023,Smartphone,Electronics,West,6,1926.00,393.01
7/26/2022,Monitor,Accessories,East,3,936.00,88.51
12/29/2024,Laptop,Electronics,South,9,8550.00,1970.98
8/24/2023,Monitor,Accessories,North,4,2468.00,457.51
9/4/2023,Tablet,Electronics,West,3,801.00,90.34
1/3/2023,Laptop,Electronics,East,9,2655.00,701.11
11/30/2023,Smartwatch,Electronics,West,8,3928.00,700.38
7/11/2024,Monitor,Accessories,East,8,6488.00,1438.34
2/3/2024,Headphones,Accessories,West,9,7695.00,1749.26
7/19/2023,Headphones,Accessories,West,2,1856.00,468.19
4/14/2022,Smartwatch,Electronics,North,7,1519.00,403.63
1/19/2024,Tablet,Electronics,West,3,3549.00,996.05
9/12/2024,Laptop,Electronics,East,3,1656.00,378.84
8/24/2024,Keyboard,Accessories,North,7,812.00,175.55
12/25/2022,Mouse,Accessories,North,5,3730.00,864.41
12/24/2023,Monitor,Accessories,South,1,1161.00,210.87
5/18/2022,Headphones,Accessories,North,3,2256.00,282.52
9/28/2024,Monitor,Accessories,East,1,359.00,78.17
3/23/2024,Headphones,Accessories,East,2,130.00,11.10
9/26/2022,Mouse,Accessories,South,8,4248.00,831.54
10/4/2024,Camera,Electronics,South,5,1825.00,221.47
9/25/2024,Keyboard,Accessories,East,2,876.00,224.01
1/3/2023,Camera,Electronics,North,9,9180.00,2752.84
3/26/2024,Monitor,Accessories,West,5,1765.00,160.89
10/6/2022,Monitor,Accessories,South,2,1504.00,164.51
6/30/2022,Keyboard,Accessories,South,9,1881.00,430.78
1/16/2022,Keyboard,Accessories,East,9,7425.00,1533.72
10/16/2022,Tablet,Electronics,East,9,720.00,192.83
5/7/2024,Smartphone,Electronics,West,5,2985.00,698.22
1/4/2022,Laptop,Electronics,North,9,711.00,200.11
8/13/2024,Printer,Office,South,6,6276.00,1396.25
1/13/2023,Mouse,Accessories,East,7,7966.00,955.80
3/14/2023,Headphones,Accessories,East,8,4200.00,854.89
5/17/2024,Laptop,Electronics,East,7,455.00,80.00
10/15/2024,Keyboard,Accessories,South,8,5040.00,465.36
9/11/2023,Mouse,Accessories,East,1,856.00,87.69
7/20/2023,Monitor,Accessories,West,5,5230.00,385.77
3/19/2022,Laptop,Electronics,South,5,4635.00,769.03
12/7/2024,Laptop,Electronics,East,6,5508.00,360.28
6/6/2023,Smartphone,Electronics,North,1,258.00,27.01
7/13/2023,Smartphone,Electronics,East,1,677.00,88.41
7/10/2023,Monitor,Accessories,West,5,4545.00,755.05
9/9/2024,Smartphone,Electronics,South,5,4370.00,1255.36
1/6/2023,Keyboard,Accessories,East,3,372.00,57.51
9/5/2024,Camera,Electronics,West,9,3177.00,629.96
4/19/2023,Printer,Office,South,7,1659.00,127.48
4/20/2023,Tablet,Electronics,South,3,3360.00,759.31
3/2/2023,Smartphone,Electronics,West,2,1132.00,290.56
10/5/2024,Smartwatch,Electronics,East,5,1815.00,468.62
11/11/2023,Mouse,Accessories,North,1,459.00,125.19
11/15/2023,Smartphone,Electronics,West,1,1128.00,73.74
10/30/2024,Monitor,Accessories,East,6,1170.00,104.63
8/1/2022,Smartwatch,Electronics,North,5,4420.00,380.69
2/29/2024,Smartphone,Electronics,West,6,456.00,69.15
2/25/2024,Tablet,Electronics,North,2,1458.00,154.79
6/24/2024,Monitor,Accessories,West,7,2989.00,197.58
12/20/2024,Camera,Electronics,North,4,3424.00,845.68
10/14/2024,Mouse,Accessories,West,2,1226.00,124.25
11/16/2024,Laptop,Electronics,North,8,6760.00,1097.63
9/25/2023,Smartphone,Electronics,West,1,111.00,13.61
6/9/2023,Printer,Office,North,5,3275.00,222.29
9/8/2024,Headphones,Accessories,North,3,2508.00,498.69
9/1/2024,Keyboard,Accessories,South,8,904.00,202.35
9/5/2024,Printer,Office,West,3,1506.00,427.84
10/23/2022,Smartphone,Electronics,South,3,987.00,97.01
1/29/2022,Smartphone,Electronics,East,7,2968.00,728.94
3/17/2022,Mouse,Accessories,South,5,4200.00,746.86
1/16/2024,Smartwatch,Electronics,North,5,1645.00,313.66
11/25/2024,Printer,Office,East,3,3282.00,492.59
2/13/2022,Headphones,Accessories,East,9,4914.00,1160.45
3/30/2023,Laptop,Electronics,North,6,3924.00,762.96
9/12/2023,Headphones,Accessories,South,6,420.00,65.62
6/28/2024,Printer,Office,West,4,1544.00,106.02
8/29/2022,Headphones,Accessories,East,2,2046.00,233.47
11/22/2023,Headphones,Accessories,West,2,1548.00,157.48
5/10/2023,Keyboard,Accessories,North,4,3184.00,478.27
10/17/2024,Printer,Office,South,5,3385.00,774.86
10/11/2023,Monitor,Accessories,North,1,59.00,10.32
5/18/2024,Monitor,Accessories,South,8,5976.00,1016.99
1/30/2023,Mouse,Accessories,West,3,1791.00,122.50
1/13/2023,Smartwatch,Electronics,West,2,1644.00,189.32
5/17/2024,Tablet,Electronics,West,8,6584.00,544.62
8/3/2022,Headphones,Accessories,East,5,1620.00,325.87
2/6/2024,Mouse,Accessories,West,9,2736.00,407.22
4/11/2024,Monitor,Accessories,South,4,1064.00,274.47
6/18/2024,Camera,Electronics,South,7,2667.00,363.50
4/3/2023,Headphones,Accessories,South,3,735.00,217.79
12/18/2024,Laptop,Electronics,East,1,58.00,11.25
4/25/2023,Camera,Electronics,South,7,3136.00,850.30
9/17/2023,Mouse,Accessories,East,4,3936.00,374.34
11/23/2022,Smartphone,Electronics,East,9,6102.00,947.91
5/17/2024,Smartphone,Electronics,North,8,9408.00,552.44
12/14/2022,Mouse,Accessories,South,9,7875.00,1243.56
10/13/2024,Keyboard,Accessories,North,9,9900.00,576.80
10/16/2024,Keyboard,Accessories,North,2,430.00,114.91
9/18/2023,Mouse,Accessories,South,3,813.00,238.10
12/9/2023,Camera,Electronics,South,4,4176.00,980.11
10/2/2023,Camera,Electronics,South,4,3084.00,348.38
3/31/2022,Mouse,Accessories,West,7,8008.00,1593.65
6/12/2024,Smartwatch,Electronics,South,4,4608.00,963.50
6/16/2024,Headphones,Accessories,West,4,4356.00,614.62
9/4/2023,Printer,Office,South,1,566.00,169.17
12/2/2022,Laptop,Electronics,East,7,945.00,75.21
11/12/2022,Smartwatch,Electronics,North,4,2200.00,484.33
12/30/2024,Mouse,Accessories,North,1,746.00,131.25
12/6/2024,Monitor,Accessories,East,5,3505.00,678.18
5/26/2024,Monitor,Accessories,East,5,4795.00,819.12
10/20/2024,Monitor,Accessories,North,5,4590.00,650.05
5/4/2023,Monitor,Accessories,North,4,2092.00,467.02
5/9/2024,Mouse,Accessories,South,8,3568.00,334.13
12/7/2023,Smartphone,Electronics,West,9,10404.00,2028.21
12/10/2022,Printer,Office,South,9,7029.00,1005.58
11/21/2022,Laptop,Electronics,West,8,664.00,126.60
11/20/2024,Tablet,Electronics,West,3,1923.00,274.00
11/30/2022,Printer,Office,West,7,2471.00,566.51
1/3/2024,Smartphone,Electronics,North,2,258.00,64.12
10/29/2024,Smartwatch,Electronics,East,9,1134.00,267.26
9/24/2024,Headphones,Accessories,East,5,855.00,238.83
4/9/2024,Smartwatch,Electronics,West,9,3231.00,670.85
9/5/2024,Tablet,Electronics,South,7,3591.00,266.59
2/3/2024,Camera,Electronics,East,2,254.00,20.48
3/17/2023,Smartphone,Electronics,South,5,5930.00,1193.32
7/15/2024,Headphones,Accessories,West,2,1344.00,297.99
3/20/2023,Laptop,Electronics,East,1,920.00,98.31
8/28/2022,Printer,Office,North,9,5454.00,385.51
12/1/2022,Laptop,Electronics,West,8,9512.00,663.23
1/21/2023,Mouse,Accessories,North,4,2972.00,827.46
5/23/2024,Smartwatch,Electronics,West,3,3360.00,465.02
10/24/2022,Tablet,Electronics,West,4,1004.00,240.13
12/25/2024,Headphones,Accessories,West,2,1944.00,332.55
9/18/2023,Monitor,Accessories,East,5,5055.00,1200.09
7/18/2022,Smartwatch,Electronics,West,2,128.00,8.33
3/9/2024,Smartphone,Electronics,East,3,633.00,163.03
12/14/2022,Printer,Office,South,3,2523.00,506.70
11/6/2023,Printer,Office,West,1,196.00,39.60
2/11/2022,Printer,Office,East,9,4212.00,552.96
3/28/2024,Monitor,Accessories,North,1,63.00,17.29
7/2/2023,Mouse,Accessories,South,8,2752.00,394.66
11/11/2024,Mouse,Accessories,West,3,1989.00,419.61
3/9/2024,Laptop,Electronics,East,8,8032.00,466.19
1/21/2022,Tablet,Electronics,South,6,3702.00,407.34
10/17/2022,Smartwatch,Electronics,East,8,456.00,90.24
2/10/2023,Camera,Electronics,West,7,5355.00,1143.16
3/4/2024,Camera,Electronics,West,1,972.00,261.91
1/8/2022,Headphones,Accessories,South,5,3290.00,797.82
11/24/2022,Laptop,Electronics,East,1,735.00,139.31
10/24/2024,Tablet,Electronics,North,3,3336.00,798.26
10/3/2022,Keyboard,Accessories,West,3,2082.00,346.53
7/18/2024,Keyboard,Accessories,East,2,1340.00,129.89
3/13/2022,Laptop,Electronics,East,5,1160.00,227.13
9/21/2024,Monitor,Accessories,East,4,1272.00,299.84
1/14/2022,Printer,Office,West,3,2817.00,588.47
3/5/2024,Monitor,Accessories,East,3,1464.00,264.67
2/13/2023,Headphones,Accessories,West,1,307.00,60.51
10/1/2022,Tablet,Electronics,West,6,5706.00,1306.92
5/25/2024,Headphones,Accessories,North,1,1112.00,100.47
7/15/2023,Keyboard,Accessories,West,1,1147.00,133.48
2/11/2023,Laptop,Electronics,North,2,330.00,66.57
7/12/2023,Monitor,Accessories,North,4,2176.00,250.89
3/19/2022,Headphones,Accessories,South,7,7616.00,1317.79
7/16/2024,Printer,Office,North,1,1091.00,258.30
4/3/2024,Tablet,Electronics,East,2,1026.00,279.76
11/17/2024,Tablet,Electronics,West,2,210.00,42.04
9/17/2022,Printer,Office,North,2,180.00,10.78
9/12/2024,Tablet,Electronics,North,4,380.00,72.88
8/13/2023,Monitor,Accessories,West,8,7664.00,1580.55
10/22/2022,Smartphone,Electronics,East,8,6056.00,1029.90
1/28/2022,Mouse,Accessories,North,6,606.00,104.52
3/30/2024,Monitor,Accessories,North,3,750.00,193.86
12/11/2024,Printer,Office,East,2,1218.00,218.88
3/26/2023,Laptop,Electronics,West,2,2162.00,355.45
3/13/2023,Headphones,Accessories,East,9,2223.00,347.01
9/19/2023,Smartphone,Electronics,West,7,4452.00,920.05
2/8/2022,Printer,Office,West,1,184.00,50.19
4/5/2022,Headphones,Accessories,North,3,288.00,77.38
1/24/2024,Camera,Electronics,West,2,834.00,150.12
8/20/2023,Keyboard,Accessories,East,5,4025.00,923.17
9/8/2023,Headphones,Accessories,West,7,4732.00,1084.28
5/19/2022,Headphones,Accessories,West,5,4025.00,407.72
7/15/2023,Printer,Office,South,8,2416.00,500.93
3/16/2024,Tablet,Electronics,North,7,1897.00,524.69
4/16/2022,Mouse,Accessories,East,4,840.00,190.13
1/2/2022,Mouse,Accessories,North,8,6600.00,360.45
10/20/2022,Laptop,Electronics,West,2,2362.00,342.27
2/4/2024,Headphones,Accessories,South,6,2958.00,577.27
3/22/2024,Tablet,Electronics,East,1,477.00,56.49
6/4/2022,Keyboard,Accessories,North,3,942.00,84.80
1/21/2023,Camera,Electronics,East,2,2084.00,586.72
8/16/2023,Tablet,Electronics,West,6,4584.00,473.37
5/28/2022,Printer,Office,East,1,1118.00,319.28
4/30/2024,Mouse,Accessories,North,9,4005.00,652.15
3/4/2024,Smartwatch,Electronics,East,5,4610.00,1293.37
10/14/2024,Keyboard,Accessories,South,1,551.00,86.84
8/5/2022,Printer,Office,West,1,75.00,19.29
12/19/2023,Mouse,Accessories,South,6,6576.00,1899.67
3/26/2023,Printer,Office,North,6,6432.00,1410.52
8/8/2022,Headphones,Accessories,South,7,7763.00,1444.27
3/2/2024,Monitor,Accessories,East,7,2240.00,622.29
12/4/2022,Headphones,Accessories,East,6,5298.00,1209.88
7/15/2023,Smartwatch,Electronics,North,2,116.00,32.27
2/2/2022,Tablet,Electronics,East,8,6728.00,1140.19
12/2/2022,Monitor,Accessories,North,5,490.00,55.59
1/26/2024,Monitor,Accessories,North,7,2765.00,699.86
4/21/2022,Smartphone,Electronics,West,8,2680.00,598.97
8/19/2023,Camera,Electronics,East,2,2174.00,335.37
4/11/2024,Monitor,Accessories,North,9,5562.00,1258.12
9/27/2022,Smartphone,Electronics,East,8,9208.00,2595.33
8/31/2024,Smartphone,Electronics,West,4,4512.00,546.71
3/4/2024,Camera,Electronics,West,9,7974.00,1965.96
4/30/2022,Monitor,Accessories,East,6,4944.00,1335.04
3/19/2022,Printer,Office,South,3,1611.00,234.84
7/5/2024,Smartwatch,Electronics,West,9,4599.00,618.89
3/21/2024,Laptop,Electronics,East,6,4380.00,419.30
10/20/2024,Headphones,Accessories,South,2,2376.00,580.26
1/3/2023,Monitor,Accessories,South,9,6588.00,1800.90
1/5/2022,Mouse,Accessories,East,5,3745.00,720.08
6/18/2022,Camera,Electronics,North,5,5305.00,1389.25
5/19/2023,Tablet,Electronics,North,8,1608.00,332.12
7/18/2024,Monitor,Accessories,East,9,4977.00,745.81
2/9/2022,Smartphone,Electronics,East,7,4529.00,273.97
4/15/2024,Camera,Electronics,West,7,4690.00,319.42
11/12/2024,Keyboard,Accessories,East,4,2424.00,544.07
11/27/2024,Keyboard,Accessories,North,6,3594.00,610.77
5/3/2022,Keyboard,Accessories,North,7,3962.00,491.90
3/14/2024,Camera,Electronics,East,2,944.00,149.38
12/20/2022,Smartwatch,Electronics,West,6,6792.00,1787.97
3/6/2023,Tablet,Electronics,North,7,6804.00,1383.81
9/20/2024,Camera,Electronics,South,6,816.00,98.75
7/10/2022,Monitor,Accessories,North,6,5916.00,544.59
6/17/2022,Mouse,Accessories,South,5,5730.00,310.58
5/13/2024,Headphones,Accessories,East,7,8288.00,785.54
6/24/2022,Headphones,Accessories,South,2,2046.00,394.93
6/5/2022,Tablet,Electronics,East,9,5031.00,1149.48
3/10/2022,Keyboard,Accessories,South,9,1764.00,417.95
7/23/2022,Laptop,Electronics,South,8,1880.00,486.88
12/25/2023,Smartwatch,Electronics,West,2,200.00,10.45
10/6/2022,Mouse,Accessories,East,3,2688.00,476.77
1/2/2023,Laptop,Electronics,West,4,3216.00,213.81
12/21/2023,Camera,Electronics,East,8,8440.00,1504.18
4/26/2024,Tablet,Electronics,East,7,1582.00,208.42
7/12/2024,Laptop,Electronics,North,1,58.00,10.79
3/26/2022,Smartwatch,Electronics,West,8,608.00,163.18
11/19/2024,Smartphone,Electronics,North,3,183.00,41.82
7/2/2024,Monitor,Accessories,West,5,3105.00,744.26
4/13/2023,Monitor,Accessories,North,5,2450.00,485.18
12/5/2022,Laptop,Electronics,North,3,3024.00,622.29
4/20/2023,Printer,Office,East,4,3856.00,747.79
3/11/2024,Keyboard,Accessories,West,7,532.00,121.03
2/19/2023,Smartphone,Electronics,South,4,3152.00,307.62
12/4/2023,Monitor,Accessories,East,9,8586.00,1555.82
10/21/2022,Monitor,Accessories,South,2,1046.00,273.38
2/15/2022,Tablet,Electronics,West,4,3452.00,560.31
3/12/2022,Monitor,Accessories,West,4,2368.00,361.02
10/20/2022,Camera,Electronics,South,2,1924.00,422.25
9/19/2022,Laptop,Electronics,West,5,4580.00,1148.06
11/2/2024,Headphones,Accessories,East,5,3735.00,423.94
5/13/2023,Monitor,Accessories,North,4,2476.00,417.16
7/13/2023,Laptop,Electronics,South,2,162.00,16.51
7/4/2022,Printer,Office,West,3,258.00,38.03
3/19/2022,Keyboard,Accessories,East,4,3524.00,998.29
5/27/2023,Smartwatch,Electronics,South,8,6184.00,1796.90
3/7/2023,Monitor,Accessories,West,6,3750.00,645.69
4/15/2022,Mouse,Accessories,South,5,1465.00,424.64
3/28/2024,Camera,Electronics,North,4,4480.00,412.05
2/29/2024,Laptop,Electronics,North,8,1544.00,281.22
1/21/2024,Headphones,Accessories,North,9,7974.00,1181.04
3/30/2024,Printer,Office,East,5,5920.00,1679.15
10/2/2024,Smartwatch,Electronics,South,8,8792.00,2045.54
12/18/2023,Smartwatch,Electronics,East,1,294.00,52.37
1/23/2022,Camera,Electronics,East,7,1169.00,264.37
2/14/2024,Camera,Electronics,West,8,9232.00,880.52
10/9/2023,Headphones,Accessories,South,4,1396.00,135.48
1/23/2024,Camera,Electronics,North,9,10188.00,1408.18
9/13/2022,Monitor,Accessories,West,2,222.00,23.65
4/3/2024,Monitor,Accessories,West,2,1328.00,358.07
11/6/2024,Printer,Office,East,9,5085.00,488.63
8/2/2024,Mouse,Accessories,West,3,1245.00,229.73
8/18/2022,Tablet,Electronics,South,2,960.00,124.02
3/3/2024,Smartphone,Electronics,West,9,5553.00,329.79
9/10/2023,Keyboard,Accessories,North,2,1790.00,236.76
7/11/2024,Keyboard,Accessories,West,8,2712.00,247.84
5/6/2024,Laptop,Electronics,North,1,632.00,89.14
1/13/2022,Headphones,Accessories,South,8,4904.00,520.74
12/5/2022,Keyboard,Accessories,South,1,361.00,58.80
2/11/2022,Printer,Office,West,9,7290.00,841.07
3/8/2024,Smartwatch,Electronics,South,4,2052.00,181.64
5/21/2024,Mouse,Accessories,North,3,1842.00,112.85
12/6/2023,Mouse,Accessories,North,9,10593.00,2488.69
8/28/2022,Camera,Electronics,South,6,1218.00,129.36
11/19/2023,Mouse,Accessories,South,5,4240.00,426.41
10/29/2024,Keyboard,Accessories,East,2,226.00,38.52
3/25/2022,Camera,Electronics,East,6,5154.00,1072.80
7/30/2023,Mouse,Accessories,North,6,1236.00,304.88
11/14/2022,Tablet,Electronics,South,1,1179.00,159.42
12/29/2024,Printer,Office,West,5,2275.00,313.50
5/21/2023,Smartwatch,Electronics,North,7,6188.00,1231.30
12/16/2023,Headphones,Accessories,West,3,2946.00,666.99
9/10/2023,Headphones,Accessories,South,5,5085.00,1172.12
5/2/2022,Keyboard,Accessories,North,2,712.00,205.53
2/3/2023,Smartwatch,Electronics,East,6,648.00,62.25
2/2/2023,Mouse,Accessories,North,5,2735.00,483.20
12/26/2022,Printer,Office,North,6,2910.00,173.45
5/15/2022,Smartwatch,Electronics,South,1,263.00,69.39
12/5/2023,Smartphone,Electronics,North,2,876.00,66.68
11/5/2023,Mouse,Accessories,West,1,913.00,162.24
10/13/2024,Laptop,Electronics,South,9,594.00,93.92
2/27/2022,Headphones,Accessories,South,2,956.00,202.14
6/17/2024,Laptop,Electronics,East,7,7301.00,2026.43
5/14/2023,Headphones,Accessories,South,6,5754.00,1628.61
6/21/2022,Headphones,Accessories,East,4,1372.00,274.47
7/8/2022,Headphones,Accessories,North,8,920.00,214.27
1/18/2024,Smartphone,Electronics,North,3,885.00,150.79
12/30/2024,Camera,Electronics,North,1,379.00,39.41
9/9/2024,Headphones,Accessories,West,8,1024.00,201.92
5/4/2024,Keyboard,Accessories,West,4,4312.00,388.48
6/6/2023,Mouse,Accessories,East,5,5030.00,540.73
1/31/2022,Smartphone,Electronics,West,2,1438.00,315.83
4/7/2022,Keyboard,Accessories,South,1,419.00,108.36
2/24/2022,Headphones,Accessories,East,3,3519.00,935.72
4/3/2022,Tablet,Electronics,East,8,2912.00,451.97
2/20/2023,Smartphone,Electronics,North,5,4005.00,226.09
8/22/2023,Smartwatch,Electronics,South,5,2075.00,271.71
2/23/2023,Laptop,Electronics,South,2,120.00,7.74
8/12/2024,Camera,Electronics,North,4,564.00,32.80
10/1/2023,Smartwatch,Electronics,East,2,486.00,62.58
4/15/2023,Smartwatch,Electronics,East,2,1488.00,342.87
2/24/2023,Laptop,Electronics,West,6,3096.00,277.68
11/4/2022,Smartwatch,Electronics,West,8,6488.00,1845.07
4/11/2024,Smartwatch,Electronics,West,4,4284.00,848.44
7/5/2022,Smartwatch,Electronics,North,8,1864.00,110.81
5/8/2024,Camera,Electronics,West,5,4435.00,954.12
10/3/2024,Camera,Electronics,East,4,3296.00,460.98
5/5/2023,Mouse,Accessories,East,3,780.00,217.92
6/2/2022,Smartwatch,Electronics,East,7,4396.00,962.61
5/2/2023,Keyboard,Accessories,South,6,1362.00,202.68
1/13/2022,Mouse,Accessories,East,7,3843.00,378.03
9/9/2022,Printer,Office,East,2,2080.00,450.24
4/7/2022,Mouse,Accessories,South,5,1210.00,201.45
11/15/2023,Printer,Office,West,3,2316.00,356.50
7/18/2023,Monitor,Accessories,West,6,3366.00,614.22
6/7/2024,Tablet,Electronics,West,9,6507.00,1075.51
5/14/2024,Mouse,Accessories,South,1,384.00,35.36
1/5/2022,Laptop,Electronics,South,5,3625.00,563.95
12/14/2022,Tablet,Electronics,South,1,400.00,45.16
2/22/2022,Monitor,Accessories,North,5,2880.00,209.58
3/28/2023,Printer,Office,West,6,1608.00,302.32
2/8/2023,Headphones,Accessories,South,2,1574.00,196.84
9/13/2024,Keyboard,Accessories,East,3,2478.00,584.37
9/20/2024,Headphones,Accessories,East,8,8872.00,1486.58
3/24/2024,Printer,Office,East,8,2320.00,668.63
7/29/2023,Headphones,Accessories,West,3,171.00,9.02
11/20/2024,Keyboard,Accessories,South,8,4536.00,627.13
6/9/2024,Headphones,Accessories,South,3,1308.00,73.28
10/27/2022,Laptop,Electronics,North,4,4048.00,641.23
5/29/2022,Tablet,Electronics,East,9,4041.00,963.58
5/24/2024,Headphones,Accessories,South,5,5665.00,332.46
11/29/2023,Mouse,Accessories,South,6,6876.00,1029.92
3/2/2023,Monitor,Accessories,South,1,617.00,145.37
9/15/2022,Monitor,Accessories,South,6,1440.00,130.40
4/17/2024,Smartwatch,Electronics,East,8,472.00,116.36
6/30/2023,Laptop,Electronics,North,5,5640.00,1227.77
10/26/2022,Headphones,Accessories,West,6,2640.00,668.12
7/13/2024,Smartphone,Electronics,South,3,768.00,72.67
2/22/2024,Keyboard,Accessories,South,1,725.00,81.96
4/28/2024,Headphones,Accessories,North,8,1080.00,210.69
10/30/2024,Headphones,Accessories,South,1,393.00,40.34
6/11/2024,Smartwatch,Electronics,North,4,1264.00,371.92
9/3/2022,Headphones,Accessories,South,9,4797.00,1193.95
3/27/2022,Tablet,Electronics,East,8,2080.00,151.14
2/16/2022,Camera,Electronics,West,4,3812.00,312.80
2/25/2024,Mouse,Accessories,West,5,3695.00,463.57
1/31/2022,Mouse,Accessories,South,1,1159.00,344.22
8/6/2024,Tablet,Electronics,West,9,4149.00,605.52
12/5/2023,Keyboard,Accessories,East,2,1446.00,171.73
7/24/2024,Laptop,Electronics,South,1,225.00,48.82
12/9/2022,Headphones,Accessories,South,1,355.00,26.80
9/15/2023,Tablet,Electronics,West,7,3164.00,166.40
10/28/2022,Smartwatch,Electronics,East,1,498.00,38.67
4/28/2023,Headphones,Accessories,South,5,1315.00,217.79
9/13/2024,Headphones,Accessories,North,5,2805.00,438.89
11/1/2022,Monitor,Accessories,East,5,5180.00,726.62
6/7/2022,Camera,Electronics,North,5,4045.00,203.35
6/22/2024,Laptop,Electronics,North,9,8793.00,2262.43
8/8/2024,Headphones,Accessories,South,8,2592.00,526.38
2/8/2022,Keyboard,Accessories,East,7,7819.00,1708.84
7/11/2024,Smartwatch,Electronics,North,7,2919.00,325.35
6/3/2023,Printer,Office,South,3,768.00,85.37
12/2/2023,Smartphone,Electronics,West,2,1736.00,388.09
7/18/2023,Smartwatch,Electronics,South,7,6293.00,389.22
3/21/2024,Headphones,Accessories,South,6,3684.00,477.02
12/24/2024,Printer,Office,South,9,8370.00,1064.65
8/24/2023,Keyboard,Accessories,South,4,3788.00,875.54
8/22/2023,Laptop,Electronics,West,8,8296.00,1884.18
10/10/2022,Tablet,Electronics,West,5,325.00,21.01
8/16/2024,Camera,Electronics,North,2,2216.00,444.36
1/31/2022,Laptop,Electronics,North,8,7064.00,1873.02
8/8/2024,Mouse,Accessories,East,9,2538.00,575.41
3/13/2024,Headphones,Accessories,North,1,1151.00,77.22
1/18/2022,Keyboard,Accessories,East,1,717.00,137.27
1/12/2022,Smartwatch,Electronics,East,8,3048.00,444.30
2/19/2024,Keyboard,Accessories,South,3,2070.00,163.23
8/14/2023,Camera,Electronics,East,5,3630.00,537.93
4/13/2022,Tablet,Electronics,East,7,896.00,219.98
2/29/2024,Tablet,Electronics,East,7,1981.00,311.44
7/16/2023,Headphones,Accessories,West,6,7140.00,605.22
4/13/2023,Monitor,Accessories,North,5,1015.00,85.06
8/12/2024,Headphones,Accessories,North,4,524.00,52.31
7/19/2023,Smartwatch,Electronics,North,2,1678.00,372.78
5/26/2023,Tablet,Electronics,South,4,3260.00,969.76
10/18/2024,Headphones,Accessories,South,5,720.00,214.31
5/4/2024,Printer,Office,West,4,1792.00,417.99
6/18/2022,Tablet,Electronics,South,9,3096.00,505.08
9/6/2024,Keyboard,Accessories,South,5,1400.00,273.39
2/5/2023,Smartwatch,Electronics,North,4,508.00,37.94
9/16/2022,Tablet,Electronics,East,7,2646.00,380.83
3/7/2024,Mouse,Accessories,East,1,357.00,79.86
12/28/2023,Tablet,Electronics,North,1,373.00,53.15
3/24/2023,Smartphone,Electronics,East,1,266.00,55.52
10/7/2024,Smartphone,Electronics,North,4,344.00,25.70
6/17/2024,Smartphone,Electronics,North,7,1806.00,308.92
3/10/2023,Printer,Office,North,9,7281.00,396.28
6/28/2024,Smartwatch,Electronics,West,7,3094.00,463.72
6/2/2024,Keyboard,Accessories,East,2,252.00,67.37
4/27/2022,Camera,Electronics,East,9,2691.00,761.16
4/26/2024,Printer,Office,West,6,990.00,102.83
6/5/2022,Smartwatch,Electronics,South,4,3236.00,655.18
4/27/2022,Laptop,Electronics,East,4,1076.00,124.56
8/10/2022,Tablet,Electronics,North,4,1428.00,160.54
4/22/2022,Keyboard,Accessories,East,5,1000.00,292.04
6/10/2022,Smartwatch,Electronics,South,9,3429.00,998.82
10/17/2023,Monitor,Accessories,West,5,4730.00,1416.10
11/4/2023,Monitor,Accessories,South,6,6630.00,512.60
10/22/2024,Camera,Electronics,South,7,2296.00,138.93
1/15/2023,Monitor,Accessories,East,7,7420.00,1107.31
4/23/2022,Printer,Office,South,7,2338.00,531.50
6/11/2022,Keyboard,Accessories,South,7,4039.00,420.29
5/19/2023,Laptop,Electronics,East,2,990.00,76.87
8/5/2023,Laptop,Electronics,West,1,733.00,54.11
1/24/2024,Smartphone,Electronics,East,3,2421.00,334.61
3/14/2024,Keyboard,Accessories,East,8,832.00,214.81
5/13/2022,Smartwatch,Electronics,East,1,483.00,98.15
2/27/2023,Keyboard,Accessories,North,6,2508.00,480.48
10/1/2023,Keyboard,Accessories,North,7,4032.00,426.13
4/15/2022,Keyboard,Accessories,East,8,3208.00,840.97
5/10/2024,Smartwatch,Electronics,South,6,3402.00,857.61
12/6/2024,Headphones,Accessories,North,1,541.00,52.50
2/8/2022,Smartwatch,Electronics,West,7,1806.00,129.60
8/3/2024,Headphones,Accessories,South,3,2433.00,515.28
11/10/2023,Keyboard,Accessories,East,6,5880.00,454.19
5/24/2023,Mouse,Accessories,West,3,3375.00,451.50
5/30/2024,Tablet,Electronics,North,8,6960.00,1913.58
8/6/2024,Keyboard,Accessories,West,4,316.00,32.79
10/10/2022,Tablet,Electronics,North,9,1404.00,89.43
3/8/2024,Keyboard,Accessories,North,9,5823.00,478.22
5/16/2024,Headphones,Accessories,South,6,2790.00,719.15
5/31/2024,Tablet,Electronics,West,7,1169.00,69.41
10/26/2023,Printer,Office,East,8,6016.00,406.13
10/15/2022,Smartwatch,Electronics,North,7,7154.00,1177.51
1/29/2024,Keyboard,Accessories,West,2,370.00,102.74
3/16/2024,Monitor,Accessories,West,1,430.00,113.57
4/28/2022,Smartwatch,Electronics,West,1,946.00,280.53
5/20/2024,Tablet,Electronics,South,8,984.00,73.84
11/26/2022,Keyboard,Accessories,East,9,1467.00,372.17
8/16/2023,Smartphone,Electronics,South,4,2444.00,155.42
11/2/2023,Mouse,Accessories,North,9,8640.00,1254.30
7/17/2023,Smartwatch,Electronics,West,9,3861.00,536.04
7/24/2022,Keyboard,Accessories,North,1,868.00,60.12
11/3/2024,Laptop,Electronics,South,9,1746.00,260.50
8/19/2024,Printer,Office,South,1,915.00,129.08
9/15/2024,Smartwatch,Electronics,East,9,3591.00,423.00
1/28/2023,Camera,Electronics,East,6,2562.00,612.36
11/28/2022,Smartwatch,Electronics,West,9,5382.00,1037.04
11/18/2024,Smartwatch,Electronics,East,4,2792.00,170.96
4/23/2022,Headphones,Accessories,East,4,2160.00,631.90
5/23/2023,Monitor,Accessories,West,7,6377.00,1332.86
5/17/2024,Smartphone,Electronics,East,8,5264.00,1051.50
12/18/2023,Laptop,Electronics,North,2,1346.00,196.50
8/19/2023,Camera,Electronics,South,7,7301.00,1311.65
4/20/2023,Keyboard,Accessories,South,2,2016.00,198.26
6/30/2022,Laptop,Electronics,North,6,1266.00,220.50
4/11/2023,Mouse,Accessories,West,2,140.00,35.18
7/22/2024,Camera,Electronics,East,8,6520.00,1073.62
2/19/2022,Keyboard,Accessories,East,1,582.00,29.91
3/10/2024,Printer,Office,West,1,245.00,14.50
4/27/2024,Mouse,Accessories,South,1,504.00,143.12
10/6/2022,Monitor,Accessories,South,6,6834.00,1211.75
10/1/2022,Headphones,Accessories,West,8,5712.00,1191.02
5/9/2023,Laptop,Electronics,South,5,4485.00,347.99
6/2/2024,Headphones,Accessories,West,8,2304.00,291.46
6/23/2024,Mouse,Accessories,North,6,6576.00,815.56
11/16/2022,Keyboard,Accessories,South,9,10629.00,2843.54
3/12/2022,Camera,Electronics,East,1,706.00,153.59
4/16/2022,Headphones,Accessories,South,1,977.00,103.82
4/16/2023,Smartwatch,Electronics,South,4,776.00,73.16
10/12/2022,Tablet,Electronics,West,4,3932.00,309.43
10/29/2022,Keyboard,Accessories,East,3,1263.00,368.46
8/1/2022,Keyboard,Accessories,East,8,7064.00,745.24
4/20/2023,Keyboard,Accessories,West,4,4740.00,746.77
3/25/2024,Printer,Office,South,7,4522.00,1137.23
12/28/2023,Tablet,Electronics,South,7,2009.00,183.19
4/18/2024,Smartphone,Electronics,East,2,2110.00,548.12
9/26/2024,Mouse,Accessories,West,1,95.00,6.97
11/19/2023,Smartwatch,Electronics,East,1,384.00,83.58
4/23/2023,Tablet,Electronics,North,3,3471.00,200.08
6/20/2023,Tablet,Electronics,West,4,2048.00,507.01
8/5/2022,Monitor,Accessories,South,8,9296.00,2581.06
5/28/2022,Laptop,Electronics,West,8,5272.00,1188.16
1/18/2024,Headphones,Accessories,East,1,619.00,127.58
4/27/2023,Laptop,Electronics,North,1,448.00,53.20
6/10/2022,Keyboard,Accessories,North,9,5004.00,1313.13
12/5/2023,Keyboard,Accessories,North,4,4716.00,704.99
5/11/2022,Printer,Office,West,9,7506.00,827.17
1/11/2024,Keyboard,Accessories,North,7,4095.00,883.56
7/31/2024,Smartwatch,Electronics,North,7,4459.00,1037.27
10/31/2022,Tablet,Electronics,South,5,620.00,62.49
8/17/2022,Smartwatch,Electronics,West,2,2362.00,185.89
3/28/2022,Printer,Office,North,2,606.00,154.99
7/26/2024,Camera,Electronics,East,4,1084.00,134.42
2/4/2022,Laptop,Electronics,North,8,2880.00,315.87
4/20/2023,Laptop,Electronics,West,8,4544.00,727.05
9/8/2024,Mouse,Accessories,West,4,556.00,85.63
11/30/2023,Laptop,Electronics,North,5,505.00,71.97
3/3/2023,Tablet,Electronics,West,5,2595.00,774.20
1/24/2023,Headphones,Accessories,South,5,2820.00,737.68
10/29/2023,Keyboard,Accessories,East,2,1018.00,297.21
3/4/2023,Laptop,Electronics,East,4,944.00,176.56
8/30/2023,Tablet,Electronics,East,1,610.00,44.99
5/25/2024,Camera,Electronics,South,4,912.00,81.65
4/2/2023,Monitor,Accessories,West,9,10413.00,1738.63
7/27/2023,Printer,Office,West,8,2176.00,398.29
1/4/2022,Printer,Office,East,6,6108.00,1488.40
2/14/2024,Mouse,Accessories,West,2,1148.00,173.89
5/1/2024,Monitor,Accessories,East,8,8824.00,597.10
6/17/2022,Headphones,Accessories,North,5,2240.00,159.58
2/17/2022,Camera,Electronics,North,2,1312.00,386.79
2/2/2023,Laptop,Electronics,South,9,10620.00,2946.93
9/30/2024,Tablet,Electronics,East,2,2178.00,574.40
5/12/2024,Monitor,Accessories,East,3,1671.00,94.52
7/28/2024,Monitor,Accessories,East,3,2025.00,355.59
11/1/2024,Mouse,Accessories,East,6,2886.00,355.32
7/27/2024,Printer,Office,East,2,1868.00,307.32
1/8/2023,Headphones,Accessories,East,4,3280.00,826.94
5/18/2022,Tablet,Electronics,West,2,1768.00,375.86
12/19/2022,Camera,Electronics,West,7,6937.00,1753.02
9/21/2024,Smartwatch,Electronics,North,6,3012.00,307.47
9/19/2024,Headphones,Accessories,South,3,777.00,147.93
2/16/2024,Smartphone,Electronics,East,6,4056.00,452.14
11/29/2024,Printer,Office,South,4,3212.00,514.92
8/3/2024,Smartwatch,Electronics,West,1,952.00,179.40
5/29/2022,Smartphone,Electronics,North,3,1674.00,106.24
2/13/2024,Smartwatch,Electronics,East,5,4315.00,1019.91
12/15/2023,Mouse,Accessories,North,7,1722.00,162.39
9/14/2022,Keyboard,Accessories,South,5,2895.00,334.35
7/28/2023,Tablet,Electronics,North,2,1280.00,335.22
4/10/2022,Headphones,Accessories,East,5,4295.00,414.42
8/7/2022,Printer,Office,South,6,4434.00,306.63
7/9/2022,Keyboard,Accessories,North,6,3816.00,623.78
4/9/2024,Headphones,Accessories,East,7,6335.00,1137.08
11/11/2024,Mouse,Accessories,West,3,315.00,78.41
11/27/2024,Camera,Electronics,East,2,626.00,168.82
5/23/2024,Smartwatch,Electronics,South,1,1140.00,85.75
11/16/2022,Smartphone,Electronics,North,5,590.00,52.55
4/21/2022,Tablet,Electronics,East,1,631.00,99.31
9/4/2024,Monitor,Accessories,South,8,1944.00,134.94
3/24/2024,Smartphone,Electronics,North,6,5100.00,1461.79
9/24/2024,Keyboard,Accessories,South,6,1092.00,176.52
8/12/2023,Monitor,Accessories,West,7,4662.00,1007.43
1/18/2023,Headphones,Accessories,West,7,4312.00,1088.34
10/20/2022,Mouse,Accessories,North,6,4056.00,815.10
11/23/2023,Headphones,Accessories,North,3,534.00,120.53
5/31/2023,Printer,Office,South,5,3475.00,991.47
7/11/2023,Tablet,Electronics,South,5,4880.00,829.03
10/25/2024,Tablet,Electronics,West,8,8336.00,782.80
5/8/2023,Mouse,Accessories,North,8,9232.00,490.66
1/7/2022,Smartphone,Electronics,South,3,2031.00,466.25
1/10/2022,Smartwatch,Electronics,North,3,2412.00,640.35
12/3/2023,Smartphone,Electronics,East,1,1039.00,137.24
1/3/2023,Camera,Electronics,West,6,696.00,100.78
6/26/2024,Laptop,Electronics,North,8,6160.00,1617.32
12/15/2022,Camera,Electronics,East,3,447.00,58.40
4/29/2023,Keyboard,Accessories,West,6,6102.00,364.82
4/3/2024,Camera,Electronics,South,9,5085.00,1372.83
8/16/2024,Laptop,Electronics,North,7,3038.00,158.82
3/11/2024,Headphones,Accessories,West,1,882.00,215.24
3/15/2023,Monitor,Accessories,West,6,2490.00,720.06
8/5/2024,Camera,Electronics,North,1,635.00,101.09
7/5/2024,Laptop,Electronics,East,1,1083.00,152.50
8/10/2023,Keyboard,Accessories,West,6,720.00,144.26
9/17/2022,Printer,Office,West,3,3111.00,382.52
4/9/2022,Smartwatch,Electronics,North,6,1242.00,87.37
8/2/2023,Smartwatch,Electronics,West,5,5845.00,978.75
3/29/2023,Smartwatch,Electronics,West,1,835.00,131.70
5/16/2022,Monitor,Accessories,South,2,2314.00,305.42
2/4/2023,Smartwatch,Electronics,East,7,6041.00,776.09
3/23/2022,Mouse,Accessories,North,3,369.00,19.22
8/12/2022,Tablet,Electronics,West,5,1635.00,321.84
4/7/2022,Keyboard,Accessories,West,3,2067.00,465.39
3/4/2022,Smartphone,Electronics,West,6,7128.00,544.54
4/24/2024,Printer,Office,North,2,944.00,94.40
6/10/2022,Tablet,Electronics,East,5,5160.00,698.15
6/18/2022,Smartphone,Electronics,West,8,8032.00,1987.82
12/16/2024,Camera,Electronics,South,2,376.00,99.16
6/22/2024,Smartphone,Electronics,South,7,4144.00,426.39
11/4/2024,Camera,Electronics,South,4,2228.00,293.25
11/15/2022,Tablet,Electronics,West,1,1178.00,182.76
4/27/2024,Mouse,Accessories,North,5,2505.00,303.61
2/28/2024,Smartwatch,Electronics,West,4,1872.00,418.05
12/29/2023,Printer,Office,West,2,340.00,59.56
3/8/2023,Laptop,Electronics,West,1,589.00,158.85
12/12/2023,Laptop,Electronics,West,3,2598.00,560.82
2/17/2022,Tablet,Electronics,North,1,502.00,92.31
1/24/2024,Laptop,Electronics,South,3,3576.00,546.44
2/7/2023,Keyboard,Accessories,East,3,2412.00,468.27
7/31/2024,Printer,Office,West,5,1145.00,244.72
2/3/2022,Keyboard,Accessories,West,2,2116.00,159.30
12/16/2024,Laptop,Electronics,North,1,707.00,100.16
11/11/2022,Mouse,Accessories,South,9,657.00,109.39
10/14/2024,Laptop,Electronics,South,5,5345.00,1060.46
1/27/2024,Tablet,Electronics,South,8,4032.00,251.05
8/30/2022,Camera,Electronics,South,4,3840.00,552.57
1/23/2023,Monitor,Accessories,East,5,575.00,47.35
1/2/2023,Laptop,Electronics,West,9,9315.00,1808.68
11/25/2024,Mouse,Accessories,East,7,3423.00,435.06
11/7/2023,Monitor,Accessories,South,6,3942.00,748.74
7/15/2024,Laptop,Electronics,South,2,574.00,70.16
6/4/2024,Headphones,Accessories,North,6,3024.00,336.28
3/2/2022,Headphones,Accessories,North,7,952.00,215.51
11/25/2023,Smartphone,Electronics,West,9,9090.00,937.69
5/10/2022,Tablet,Electronics,West,2,1166.00,170.11
1/9/2024,Keyboard,Accessories,South,3,2925.00,433.95
12/25/2023,Camera,Electronics,South,5,3455.00,867.55
12/6/2022,Smartphone,Electronics,North,2,1614.00,331.30
8/7/2024,Mouse,Accessories,West,7,1771.00,171.26
1/6/2023,Printer,Office,South,6,5658.00,1504.97
9/25/2024,Mouse,Accessories,East,9,8460.00,1515.06
11/26/2023,Printer,Office,West,5,1925.00,570.93
2/2/2024,Laptop,Electronics,North,6,2196.00,572.17
7/5/2024,Keyboard,Accessories,East,2,1696.00,500.56
11/16/2023,Printer,Office,South,9,6813.00,1966.66
10/19/2024,Keyboard,Accessories,North,5,3670.00,790.67
10/10/2024,Keyboard,Accessories,South,4,2936.00,204.55
1/29/2024,Monitor,Accessories,West,5,5165.00,283.60
9/6/2024,Camera,Electronics,East,5,5940.00,467.31
6/7/2023,Smartwatch,Electronics,East,6,2664.00,520.30
4/12/2024,Headphones,Accessories,East,2,1198.00,134.39
8/22/2024,Headphones,Accessories,North,4,1340.00,309.80
10/15/2022,Monitor,Accessories,East,9,9657.00,1233.47
6/28/2022,Camera,Electronics,North,8,2592.00,191.66
6/10/2023,Camera,Electronics,West,4,1168.00,135.36
3/23/2023,Headphones,Accessories,South,8,5920.00,1241.27
2/17/2022,Smartphone,Electronics,West,2,2260.00,268.47
9/19/2023,Printer,Office,West,8,7016.00,1490.07
3/29/2024,Headphones,Accessories,North,6,546.00,79.94
12/2/2024,Laptop,Electronics,East,1,839.00,228.72
7/24/2024,Tablet,Electronics,South,8,5176.00,619.45
4/2/2023,Laptop,Electronics,West,4,280.00,24.90
12/28/2024,Monitor,Accessories,North,9,2097.00,210.59
5/24/2024,Mouse,Accessories,West,6,4632.00,799.16
2/9/2023,Keyboard,Accessories,North,4,1088.00,283.61
9/17/2023,Camera,Electronics,North,2,1314.00,391.55
5/7/2023,Mouse,Accessories,North,8,7960.00,804.11
11/22/2023,Printer,Office,North,8,2856.00,350.32
6/16/2022,Smartwatch,Electronics,West,4,1680.00,385.92
11/20/2024,Monitor,Accessories,North,4,4464.00,1069.63
6/8/2023,Smartphone,Electronics,East,6,2940.00,184.97
6/12/2022,Monitor,Accessories,West,8,1272.00,344.45
11/21/2024,Printer,Office,East,6,1728.00,247.86
9/6/2022,Monitor,Accessories,North,3,3153.00,563.56
3/23/2024,Smartphone,Electronics,West,4,2536.00,285.72
3/16/2022,Tablet,Electronics,South,3,2508.00,431.53
10/18/2024,Tablet,Electronics,East,1,123.00,12.36
7/30/2023,Smartphone,Electronics,South,3,2379.00,148.68
1/4/2023,Printer,Office,West,6,6924.00,1693.77
5/31/2023,Smartwatch,Electronics,West,9,9054.00,644.36
12/8/2023,Camera,Electronics,South,9,9936.00,2797.45
12/21/2022,Smartphone,Electronics,East,1,393.00,41.05
8/19/2024,Printer,Office,East,2,308.00,35.32
10/26/2024,Tablet,Electronics,South,5,4900.00,347.25
8/24/2024,Laptop,Electronics,South,1,927.00,103.95
11/23/2023,Keyboard,Accessories,East,1,266.00,22.42
11/4/2022,Printer,Office,South,5,4750.00,1179.56
7/20/2024,Smartwatch,Electronics,East,8,3272.00,460.82
12/10/2022,Mouse,Accessories,East,5,4350.00,688.77
7/27/2024,Keyboard,Accessories,East,1,706.00,63.82
5/24/2024,Laptop,Electronics,North,3,213.00,30.68
10/25/2023,Smartphone,Electronics,East,2,1614.00,376.31
2/9/2023,Mouse,Accessories,West,8,6232.00,499.63
2/3/2023,Printer,Office,North,4,3864.00,717.45
12/8/2024,Headphones,Accessories,South,3,2601.00,363.64
2/1/2023,Mouse,Accessories,East,6,4944.00,758.46
11/16/2023,Printer,Office,South,4,4680.00,301.91
1/29/2022,Mouse,Accessories,South,8,2112.00,418.58
4/24/2022,Monitor,Accessories,East,6,7140.00,869.93
10/19/2022,Keyboard,Accessories,East,1,750.00,37.97
8/12/2022,Mouse,Accessories,East,4,392.00,39.23
10/2/2024,Laptop,Electronics,South,4,2408.00,721.80
9/13/2023,Monitor,Accessories,East,2,2016.00,151.40
7/25/2022,Monitor,Accessories,South,4,464.00,47.93
12/9/2023,Headphones,Accessories,East,1,832.00,227.11
3/31/2024,Headphones,Accessories,East,8,1296.00,374.80
4/23/2022,Smartphone,Electronics,East,1,300.00,45.81
7/6/2024,Monitor,Accessories,North,6,2856.00,226.53
12/10/2022,Tablet,Electronics,West,5,3380.00,287.05
1/27/2022,Tablet,Electronics,North,5,400.00,86.52
10/14/2022,Camera,Electronics,North,1,722.00,49.70
11/23/2024,Laptop,Electronics,South,4,4596.00,947.45
4/8/2023,Keyboard,Accessories,West,8,1176.00,313.58
7/21/2022,Camera,Electronics,North,2,644.00,45.72
11/7/2022,Smartphone,Electronics,West,8,544.00,40.78
5/30/2023,Monitor,Accessories,East,2,586.00,101.64
4/30/2022,Keyboard,Accessories,North,5,3835.00,229.11
12/13/2023,Printer,Office,South,5,1415.00,358.39
5/11/2023,Keyboard,Accessories,South,9,1125.00,138.49
9/11/2023,Camera,Electronics,South,3,3399.00,489.36
3/3/2022,Monitor,Accessories,East,6,5370.00,1501.06
3/30/2024,Keyboard,Accessories,West,3,2331.00,419.26
6/27/2022,Laptop,Electronics,East,9,10728.00,1967.84
3/2/2023,Monitor,Accessories,West,8,9056.00,1860.37
11/4/2024,Monitor,Accessories,West,9,4581.00,250.06
10/1/2024,Camera,Electronics,North,3,1074.00,240.44
6/17/2023,Tablet,Electronics,West,4,4572.00,1199.49
11/20/2023,Laptop,Electronics,South,7,8141.00,651.16
11/24/2023,Printer,Office,West,4,604.00,180.93
5/4/2024,Mouse,Accessories,South,2,906.00,59.06
4/22/2023,Headphones,Accessories,South,7,1582.00,278.14
1/31/2024,Mouse,Accessories,West,6,3306.00,216.91
12/24/2023,Headphones,Accessories,West,1,847.00,237.41
11/9/2022,Printer,Office,East,6,3222.00,846.27
11/3/2024,Keyboard,Accessories,East,3,189.00,33.94
8/12/2023,Laptop,Electronics,South,4,1224.00,348.91
2/8/2023,Camera,Electronics,South,7,5621.00,1390.73
1/16/2024,Tablet,Electronics,West,6,966.00,246.21
8/2/2023,Tablet,Electronics,West,9,1728.00,179.64
1/13/2024,Mouse,Accessories,West,9,6138.00,1478.57
11/20/2024,Monitor,Accessories,South,4,964.00,184.03
10/13/2023,Smartphone,Electronics,South,7,4697.00,976.26
5/9/2022,Smartphone,Electronics,West,2,1232.00,155.52
12/21/2022,Monitor,Accessories,West,7,6384.00,734.79
11/22/2024,Mouse,Accessories,West,4,780.00,162.72
1/27/2023,Printer,Office,West,4,1256.00,362.22
5/8/2022,Mouse,Accessories,South,1,1162.00,220.93
2/10/2023,Mouse,Accessories,South,8,7520.00,995.03
3/26/2024,Headphones,Accessories,South,7,2387.00,463.92
10/20/2023,Keyboard,Accessories,East,8,2256.00,316.77
6/6/2024,Monitor,Accessories,North,8,7792.00,913.12
5/24/2023,Laptop,Electronics,East,8,3944.00,296.35
12/17/2023,Smartphone,Electronics,South,2,822.00,183.45
6/20/2024,Headphones,Accessories,North,3,1962.00,469.94
12/21/2022,Printer,Office,North,4,1016.00,269.88
6/20/2023,Tablet,Electronics,North,2,1980.00,125.99
12/8/2024,Headphones,Accessories,West,4,3996.00,965.26
7/18/2022,Smartwatch,Electronics,North,1,663.00,183.82
10/5/2023,Laptop,Electronics,South,1,575.00,104.31
9/4/2023,Tablet,Electronics,South,1,187.00,33.76
8/1/2023,Tablet,Electronics,East,7,6216.00,378.24
3/5/2022,Camera,Electronics,South,1,189.00,19.02
8/13/2022,Tablet,Electronics,South,2,358.00,41.46
4/17/2022,Keyboard,Accessories,North,6,6192.00,316.23
5/25/2023,Tablet,Electronics,East,7,4382.00,592.46
10/20/2024,Keyboard,Accessories,East,2,1122.00,100.78
6/21/2022,Laptop,Electronics,North,8,8192.00,2081.72
8/22/2022,Laptop,Electronics,South,6,2658.00,200.79
3/17/2023,Tablet,Electronics,West,6,606.00,127.68
11/2/2024,Monitor,Accessories,South,8,448.00,45.43
1/17/2023,Printer,Office,North,3,1674.00,435.95
2/13/2022,Tablet,Electronics,South,6,1944.00,366.18
2/7/2022,Monitor,Accessories,South,6,1716.00,302.09
5/5/2022,Camera,Electronics,South,6,2982.00,445.01
8/14/2022,Laptop,Electronics,North,9,7497.00,2241.59
1/26/2024,Headphones,Accessories,South,3,1026.00,142.71
12/11/2024,Laptop,Electronics,South,7,7392.00,2063.23
6/23/2024,Printer,Office,North,4,2604.00,271.22
11/23/2023,Smartwatch,Electronics,North,6,1746.00,289.20
2/23/2024,Headphones,Accessories,West,6,5682.00,1365.87
6/24/2024,Mouse,Accessories,North,8,8664.00,2131.16
7/8/2023,Tablet,Electronics,West,3,1887.00,363.42
10/29/2024,Smartphone,Electronics,East,7,6013.00,1544.51
1/5/2024,Smartwatch,Electronics,North,2,1578.00,463.58
8/19/2022,Camera,Electronics,South,3,285.00,38.37
1/27/2023,Laptop,Electronics,West,6,5448.00,963.82
8/9/2024,Printer,Office,East,2,1710.00,468.76
11/3/2022,Keyboard,Accessories,West,9,2817.00,432.67
4/9/2022,Smartphone,Electronics,East,9,9117.00,1780.52
8/9/2023,Smartwatch,Electronics,South,2,274.00,42.37
9/25/2023,Keyboard,Accessories,South,6,6408.00,885.71
5/16/2022,Keyboard,Accessories,West,5,5755.00,1441.84
12/10/2024,Tablet,Electronics,West,3,2262.00,245.66
5/30/2024,Headphones,Accessories,East,7,1785.00,233.77
6/6/2023,Printer,Office,North,8,5128.00,657.87
1/4/2024,Camera,Electronics,South,8,5176.00,1400.82
9/16/2023,Keyboard,Accessories,North,5,1510.00,331.76
3/17/2023,Keyboard,Accessories,North,1,947.00,77.21
12/31/2023,Smartphone,Electronics,North,9,5427.00,731.33
4/9/2022,Smartwatch,Electronics,South,4,4560.00,507.87
5/3/2023,Tablet,Electronics,South,6,2100.00,268.40
5/10/2024,Laptop,Electronics,North,1,1054.00,288.15
8/18/2022,Smartwatch,Electronics,West,6,7026.00,1814.21
7/14/2022,Camera,Electronics,North,9,513.00,151.87
4/29/2024,Headphones,Accessories,South,2,2244.00,353.83
2/22/2024,Smartphone,Electronics,North,5,1785.00,134.95
6/24/2023,Keyboard,Accessories,South,5,725.00,77.91
11/13/2024,Smartphone,Electronics,North,4,2516.00,689.29
5/29/2023,Monitor,Accessories,East,8,6256.00,1152.99
6/11/2023,Camera,Electronics,North,2,452.00,74.34
3/5/2022,Laptop,Electronics,South,7,5285.00,1338.58
3/19/2023,Smartphone,Electronics,North,6,4872.00,786.79
8/22/2023,Keyboard,Accessories,East,5,2495.00,164.56
2/19/2022,Monitor,Accessories,West,1,442.00,82.73
9/17/2024,Printer,Office,East,9,8595.00,1312.19
4/8/2022,Keyboard,Accessories,East,4,3528.00,411.50
6/10/2024,Laptop,Electronics,North,7,7777.00,746.84
11/5/2022,Smartwatch,Electronics,South,4,2008.00,451.68
5/3/2022,Mouse,Accessories,North,2,596.00,41.37
12/25/2024,Smartwatch,Electronics,East,9,4950.00,1402.67
6/16/2024,Keyboard,Accessories,South,2,630.00,86.07
7/5/2024,Camera,Electronics,North,6,6144.00,754.18
12/3/2023,Monitor,Accessories,North,1,140.00,24.21
1/30/2024,Headphones,Accessories,East,2,2014.00,215.06
8/6/2024,Mouse,Accessories,West,2,384.00,99.02
1/18/2022,Printer,Office,East,7,3780.00,351.51
2/28/2023,Monitor,Accessories,West,7,5047.00,915.75
8/27/2022,Headphones,Accessories,South,3,2658.00,175.89
10/14/2023,Mouse,Accessories,West,8,528.00,53.91
6/23/2022,Keyboard,Accessories,East,9,6507.00,1045.14
6/2/2023,Camera,Electronics,South,7,5887.00,1035.50
8/13/2023,Headphones,Accessories,East,8,8224.00,1679.16
3/12/2022,Laptop,Electronics,South,3,723.00,115.25
6/3/2023,Mouse,Accessories,North,2,2272.00,504.72
7/3/2022,Keyboard,Accessories,East,9,8640.00,1963.34
9/14/2023,Camera,Electronics,North,8,2984.00,631.81
4/28/2022,Smartphone,Electronics,East,2,606.00,150.95
4/8/2022,Monitor,Accessories,West,2,170.00,48.69
3/21/2022,Headphones,Accessories,East,9,5283.00,1550.30
2/27/2023,Smartwatch,Electronics,West,6,1350.00,356.88
11/28/2022,Headphones,Accessories,South,4,2500.00,467.34
2/11/2022,Camera,Electronics,North,4,4648.00,689.85
5/21/2023,Printer,Office,North,5,650.00,93.41
9/14/2022,Monitor,Accessories,North,2,1538.00,97.15
6/15/2024,Smartwatch,Electronics,East,4,3928.00,325.32
3/23/2022,Headphones,Accessories,North,2,2258.00,175.86
6/9/2022,Monitor,Accessories,West,9,2988.00,447.93
4/7/2023,Headphones,Accessories,South,8,4136.00,810.82
10/22/2023,Mouse,Accessories,South,7,3605.00,387.82
8/10/2023,Smartwatch,Electronics,West,3,1656.00,469.28
12/24/2022,Printer,Office,West,8,7072.00,2113.06
9/4/2024,Keyboard,Accessories,South,8,5368.00,542.52
1/22/2024,Laptop,Electronics,East,4,1356.00,374.79
6/26/2024,Printer,Office,South,6,1326.00,338.66
10/26/2024,Printer,Office,East,1,730.00,55.72
5/10/2024,Headphones,Accessories,South,4,4664.00,294.05
12/4/2023,Laptop,Electronics,North,8,3528.00,593.11
3/19/2023,Mouse,Accessories,West,3,1497.00,190.59
4/21/2023,Tablet,Electronics,North,3,2628.00,781.94
11/12/2022,Laptop,Electronics,West,4,4196.00,655.29
8/2/2022,Monitor,Accessories,South,7,1204.00,317.12
8/23/2023,Printer,Office,West,7,7119.00,1555.05
5/12/2024,Tablet,Electronics,West,8,1848.00,351.02
5/24/2024,Tablet,Electronics,South,4,2232.00,531.12
12/19/2024,Mouse,Accessories,West,6,5190.00,898.86
1/28/2022,Smartphone,Electronics,West,3,1830.00,403.42
1/29/2022,Mouse,Accessories,West,1,1033.00,302.68
11/1/2022,Smartwatch,Electronics,South,7,2324.00,611.70
6/4/2023,Keyboard,Accessories,North,2,1942.00,235.42
3/27/2022,Printer,Office,South,7,5740.00,1615.90
10/22/2022,Smartwatch,Electronics,South,9,6435.00,1096.88
3/29/2022,Mouse,Accessories,North,2,1168.00,172.18
8/26/2022,Tablet,Electronics,South,9,7362.00,441.36
10/17/2023,Smartwatch,Electronics,West,2,862.00,105.97
10/25/2023,Mouse,Accessories,West,1,956.00,167.16
6/7/2022,Smartphone,Electronics,West,7,4438.00,770.30
10/10/2023,Keyboard,Accessories,East,9,972.00,100.00
9/2/2022,Keyboard,Accessories,West,2,1816.00,129.24
4/25/2023,Monitor,Accessories,East,4,596.00,105.89
3/24/2024,Mouse,Accessories,East,9,1233.00,346.90
1/9/2023,Headphones,Accessories,West,1,1055.00,88.61
11/13/2022,Tablet,Electronics,East,2,952.00,112.39
3/4/2023,Mouse,Accessories,West,1,312.00,40.47
2/12/2022,Tablet,Electronics,South,2,294.00,35.05
3/28/2022,Smartwatch,Electronics,North,2,474.00,120.91
6/2/2023,Camera,Electronics,East,2,788.00,195.15
5/15/2022,Mouse,Accessories,North,8,2760.00,156.53
10/14/2023,Laptop,Electronics,North,4,908.00,219.79
10/17/2022,Smartphone,Electronics,East,1,593.00,133.01
7/16/2023,Headphones,Accessories,South,6,1698.00,193.42
9/23/2024,Printer,Office,East,1,546.00,124.10
8/11/2022,Laptop,Electronics,West,5,4380.00,275.84
6/11/2023,Camera,Electronics,West,4,2472.00,594.62
4/1/2024,Smartphone,Electronics,East,4,1996.00,396.63
12/25/2024,Camera,Electronics,West,5,2525.00,699.74
7/5/2022,Headphones,Accessories,West,9,4041.00,517.23
7/16/2024,Keyboard,Accessories,South,3,858.00,246.86
12/14/2022,Keyboard,Accessories,North,9,4221.00,1238.60
2/16/2023,Tablet,Electronics,East,2,858.00,73.49
12/5/2024,Keyboard,Accessories,North,1,776.00,172.19
8/23/2023,Laptop,Electronics,North,7,3654.00,871.81
2/14/2024,Headphones,Accessories,East,3,384.00,45.99
9/16/2023,Printer,Office,West,5,535.00,43.47
11/26/2022,Headphones,Accessories,North,9,7992.00,1979.53
7/4/2024,Mouse,Accessories,North,7,3892.00,350.57
2/26/2024,Tablet,Electronics,East,3,2637.00,468.60
2/12/2024,Mouse,Accessories,South,8,8664.00,2349.68
10/3/2023,Smartwatch,Electronics,South,6,918.00,116.87
1/17/2024,Monitor,Accessories,West,5,5625.00,1006.95
6/2/2023,Tablet,Electronics,West,6,6030.00,511.70
4/22/2022,Printer,Office,West,8,432.00,98.44
2/21/2024,Laptop,Electronics,South,6,1884.00,190.58
2/21/2023,Laptop,Electronics,East,9,9225.00,2526.27
8/4/2022,Printer,Office,North,2,954.00,71.00
2/7/2023,Smartwatch,Electronics,West,8,7072.00,1983.42
8/7/2024,Smartphone,Electronics,North,3,342.00,89.67
2/5/2023,Printer,Office,South,4,2440.00,410.86
1/22/2024,Mouse,Accessories,South,5,510.00,82.47
10/12/2023,Smartphone,Electronics,South,1,192.00,16.47
9/26/2023,Mouse,Accessories,East,5,3600.00,712.30
6/1/2024,Camera,Electronics,West,7,2597.00,766.32
8/12/2023,Camera,Electronics,East,4,772.00,215.62
8/6/2023,Mouse,Accessories,West,2,646.00,180.50
3/29/2024,Smartphone,Electronics,East,7,2947.00,809.46
2/21/2023,Laptop,Electronics,South,5,880.00,255.90
2/11/2022,Camera,Electronics,West,3,1038.00,219.69
8/5/2024,Printer,Office,West,1,714.00,209.69
8/4/2023,Laptop,Electronics,South,4,1792.00,506.56
8/21/2022,Headphones,Accessories,East,6,5874.00,1386.51
8/13/2023,Smartwatch,Electronics,East,6,2496.00,332.08
12/13/2023,Smartwatch,Electronics,West,3,795.00,60.34
1/26/2023,Smartphone,Electronics,East,7,7238.00,1597.03
8/27/2023,Tablet,Electronics,South,1,430.00,83.33
1/10/2022,Headphones,Accessories,West,4,1728.00,239.64
4/7/2022,Monitor,Accessories,South,3,1833.00,314.79
10/23/2023,Monitor,Accessories,North,7,7280.00,1682.79
3/1/2024,Smartwatch,Electronics,South,1,814.00,197.91
3/6/2023,Printer,Office,South,8,4696.00,410.03
7/27/2023,Mouse,Accessories,South,5,1190.00,235.64
1/16/2024,Printer,Office,East,1,591.00,39.06
11/29/2023,Mouse,Accessories,North,9,8100.00,2203.56
4/6/2024,Laptop,Electronics,South,6,1500.00,183.31
7/26/2024,Smartwatch,Electronics,North,2,300.00,48.69
5/31/2023,Smartwatch,Electronics,North,9,1098.00,106.97
5/28/2024,Monitor,Accessories,West,4,2336.00,509.49
10/5/2022,Camera,Electronics,North,5,410.00,40.96
10/9/2023,Mouse,Accessories,South,9,594.00,51.49
9/20/2023,Smartwatch,Electronics,East,2,218.00,38.93
3/25/2023,Tablet,Electronics,South,2,1298.00,123.90
3/28/2024,Tablet,Electronics,North,5,895.00,180.64
7/31/2023,Keyboard,Accessories,West,4,2828.00,539.43
11/15/2023,Tablet,Electronics,West,3,813.00,188.94
6/19/2024,Monitor,Accessories,West,4,1800.00,170.19
7/24/2024,Tablet,Electronics,West,1,99.00,12.79
9/15/2022,Headphones,Accessories,West,8,7576.00,1703.42
1/24/2024,Smartwatch,Electronics,East,3,1317.00,71.02
3/21/2024,Smartwatch,Electronics,West,3,957.00,120.27
1/17/2022,Mouse,Accessories,South,4,1316.00,244.13
12/20/2024,Headphones,Accessories,South,6,5346.00,351.93
3/7/2023,Smartphone,Electronics,East,1,464.00,66.26
9/28/2022,Keyboard,Accessories,North,7,3752.00,835.34
7/1/2024,Keyboard,Accessories,West,6,1962.00,301.57
11/27/2024,Smartphone,Electronics,South,6,2310.00,202.98
3/1/2023,Tablet,Electronics,East,4,3028.00,685.23
7/22/2023,Monitor,Accessories,North,3,2994.00,877.92
6/18/2024,Tablet,Electronics,South,3,3393.00,313.45
11/8/2024,Camera,Electronics,North,3,1209.00,320.61
11/18/2022,Keyboard,Accessories,East,8,5784.00,1276.57
3/10/2022,Laptop,Electronics,West,9,3078.00,285.05
1/18/2024,Printer,Office,South,4,2464.00,602.30
12/14/2024,Camera,Electronics,West,5,2445.00,146.60
2/24/2023,Keyboard,Accessories,North,8,5312.00,841.13
3/31/2022,Keyboard,Accessories,South,1,657.00,101.85
5/17/2024,Keyboard,Accessories,South,3,2580.00,173.89
10/5/2022,Laptop,Electronics,East,8,4624.00,893.74
11/22/2023,Smartwatch,Electronics,North,2,1258.00,146.70
7/28/2024,Camera,Electronics,East,7,6468.00,398.23
5/24/2023,Monitor,Accessories,West,3,1359.00,152.85
11/28/2024,Laptop,Electronics,North,1,104.00,18.67
3/1/2023,Headphones,Accessories,South,3,1785.00,93.17
6/4/2022,Monitor,Accessories,North,8,7728.00,1748.26
5/27/2023,Smartphone,Electronics,West,6,4188.00,1231.16
6/25/2022,Smartwatch,Electronics,South,8,3520.00,359.84
8/12/2023,Camera,Electronics,East,3,2280.00,365.17
7/9/2024,Printer,Office,North,9,2484.00,655.54
4/17/2024,Tablet,Electronics,West,3,1248.00,348.19
12/12/2023,Smartwatch,Electronics,West,2,850.00,59.92
1/7/2022,Printer,Office,East,4,1412.00,150.13
5/30/2022,Headphones,Accessories,North,1,465.00,26.50
5/28/2024,Printer,Office,West,1,293.00,29.58
1/1/2022,Tablet,Electronics,North,9,9234.00,2523.67
12/1/2022,Tablet,Electronics,North,2,1298.00,239.45
8/7/2024,Printer,Office,East,9,9477.00,2443.62
5/29/2024,Printer,Office,South,7,6713.00,457.99
4/25/2022,Laptop,Electronics,South,5,5700.00,999.26
7/29/2024,Camera,Electronics,West,6,4146.00,700.46
10/11/2023,Tablet,Electronics,North,8,6968.00,704.55
9/9/2024,Camera,Electronics,East,2,1054.00,243.50
3/15/2022,Keyboard,Accessories,West,3,1983.00,453.09
10/26/2023,Keyboard,Accessories,South,5,875.00,70.72
9/25/2023,Printer,Office,North,2,268.00,63.01
7/17/2024,Headphones,Accessories,West,6,5370.00,1045.10
1/10/2024,Monitor,Accessories,West,8,3624.00,1071.43
9/22/2024,Smartwatch,Electronics,West,4,1932.00,301.16
9/5/2022,Smartphone,Electronics,North,7,6020.00,384.74
5/2/2024,Headphones,Accessories,East,5,1775.00,234.67
3/9/2023,Smartwatch,Electronics,West,3,1488.00,382.09
9/21/2024,Keyboard,Accessories,East,6,6720.00,1113.56
4/6/2022,Mouse,Accessories,East,7,5047.00,1356.23
3/7/2022,Tablet,Electronics,East,5,3735.00,957.13
2/26/2024,Keyboard,Accessories,East,5,1250.00,120.74
1/11/2022,Tablet,Electronics,North,7,2751.00,548.05
7/14/2023,Laptop,Electronics,East,9,468.00,58.98
7/6/2023,Printer,Office,North,4,632.00,114.82
9/15/2022,Keyboard,Accessories,South,7,798.00,219.20
1/28/2022,Smartwatch,Electronics,South,5,1295.00,104.26
12/10/2024,Camera,Electronics,West,4,3360.00,540.38
6/11/2023,Camera,Electronics,North,5,995.00,206.95
12/20/2024,Smartwatch,Electronics,East,5,550.00,28.72
2/27/2023,Monitor,Accessories,West,8,5384.00,724.80
11/19/2023,Printer,Office,East,3,3534.00,489.06
2/20/2024,Smartphone,Electronics,West,9,6813.00,890.05
11/27/2023,Smartwatch,Electronics,East,6,5508.00,1632.37
1/27/2022,Headphones,Accessories,East,1,966.00,202.53
7/4/2024,Mouse,Accessories,South,4,460.00,92.24
6/26/2023,Smartphone,Electronics,North,6,7026.00,459.40
5/24/2024,Smartphone,Electronics,South,5,910.00,116.47
8/22/2022,Monitor,Accessories,West,9,5796.00,1729.18
9/28/2022,Monitor,Accessories,North,3,1050.00,292.64
5/28/2024,Mouse,Accessories,West,1,1043.00,151.13
10/8/2022,Printer,Office,South,3,3330.00,503.85
1/19/2022,Mouse,Accessories,East,8,1896.00,448.53
4/29/2023,Camera,Electronics,West,5,5170.00,1248.66
4/24/2023,Printer,Office,North,2,466.00,25.04
6/15/2023,Mouse,Accessories,North,8,6032.00,1636.61
3/22/2023,Camera,Electronics,South,1,1084.00,103.06
9/20/2023,Keyboard,Accessories,North,2,490.00,45.34
6/30/2022,Monitor,Accessories,North,6,558.00,57.01
2/18/2024,Monitor,Accessories,East,4,4024.00,787.06
2/2/2023,Mouse,Accessories,East,4,1560.00,461.15
3/8/2024,Laptop,Electronics,North,1,126.00,26.62
10/8/2023,Mouse,Accessories,South,7,4921.00,827.87
10/10/2023,Headphones,Accessories,West,5,2665.00,532.76
4/5/2023,Headphones,Accessories,South,4,200.00,58.42
8/1/2024,Smartwatch,Electronics,East,2,186.00,32.48
10/12/2024,Monitor,Accessories,South,8,5456.00,898.06
7/29/2022,Smartwatch,Electronics,West,9,3321.00,540.67
2/13/2024,Headphones,Accessories,North,7,3766.00,914.49
5/7/2022,Keyboard,Accessories,West,6,3150.00,498.63
5/19/2022,Laptop,Electronics,East,2,646.00,110.13
8/12/2022,Smartphone,Electronics,South,5,2665.00,369.73
10/13/2023,Smartwatch,Electronics,North,9,1467.00,384.22
7/5/2024,Tablet,Electronics,North,7,4620.00,990.79
3/17/2023,Tablet,Electronics,West,8,1184.00,148.69
11/1/2023,Camera,Electronics,East,1,113.00,20.07
10/2/2024,Printer,Office,East,8,3336.00,492.76
4/9/2023,Smartphone,Electronics,South,4,4224.00,477.33
7/9/2022,Headphones,Accessories,North,3,1098.00,144.24
3/10/2024,Camera,Electronics,South,8,4400.00,351.82
5/8/2022,Printer,Office,North,8,5616.00,723.42
3/2/2024,Printer,Office,North,7,4676.00,520.38
7/19/2022,Smartwatch,Electronics,North,2,2370.00,641.23
1/24/2023,Mouse,Accessories,West,7,4487.00,688.76
10/1/2024,Camera,Electronics,North,6,6384.00,1754.15
3/30/2023,Keyboard,Accessories,South,8,2960.00,878.11
3/24/2022,Smartwatch,Electronics,East,1,897.00,250.78
3/25/2023,Smartphone,Electronics,East,2,1178.00,120.51
1/20/2023,Smartwatch,Electronics,East,2,1026.00,64.51
5/22/2022,Printer,Office,South,1,1148.00,89.04
2/15/2023,Printer,Office,West,7,3185.00,765.41
3/3/2022,Smartphone,Electronics,East,7,5180.00,463.35
11/2/2022,Headphones,Accessories,South,5,2025.00,295.13
12/24/2024,Tablet,Electronics,North,9,1359.00,187.72
3/30/2023,Camera,Electronics,South,4,1836.00,462.52
12/3/2022,Tablet,Electronics,West,2,702.00,112.04
12/7/2024,Smartphone,Electronics,West,8,6576.00,1337.38
3/7/2024,Smartwatch,Electronics,West,2,1428.00,398.24
1/8/2023,Camera,Electronics,North,7,6853.00,1259.03
5/16/2022,Camera,Electronics,West,2,1492.00,276.56
4/29/2024,Printer,Office,North,6,1938.00,146.73
1/8/2023,Camera,Electronics,South,5,905.00,70.91
2/25/2022,Printer,Office,North,3,2571.00,510.01
4/8/2024,Tablet,Electronics,West,4,1500.00,127.81
3/17/2023,Smartwatch,Electronics,South,9,8712.00,1034.27
7/23/2024,Monitor,Accessories,East,4,1308.00,368.28
3/6/2024,Smartphone,Electronics,South,4,2648.00,707.32
3/18/2022,Camera,Electronics,South,9,9810.00,1666.96
5/3/2024,Headphones,Accessories,North,3,3291.00,274.10
9/22/2022,Smartwatch,Electronics,North,1,758.00,96.44
9/29/2022,Keyboard,Accessories,East,7,2436.00,715.14
6/1/2024,Smartwatch,Electronics,North,7,560.00,163.16
10/20/2022,Smartphone,Electronics,West,8,4240.00,519.72
9/5/2024,Monitor,Accessories,East,8,5416.00,403.52
7/16/2023,Smartphone,Electronics,East,8,1728.00,477.70
7/15/2023,Keyboard,Accessories,West,9,6309.00,801.15
8/8/2023,Keyboard,Accessories,North,8,3400.00,758.57
4/29/2022,Laptop,Electronics,East,1,403.00,72.45
12/17/2022,Keyboard,Accessories,South,4,2108.00,375.62
9/30/2022,Headphones,Accessories,West,2,1090.00,296.12
11/6/2022,Keyboard,Accessories,North,7,1274.00,317.92
4/11/2024,Mouse,Accessories,South,3,1056.00,70.54
6/1/2023,Mouse,Accessories,North,9,5247.00,921.09
11/6/2023,Mouse,Accessories,West,7,6006.00,1595.22
1/18/2024,Monitor,Accessories,West,5,5415.00,1261.65
2/24/2022,Smartphone,Electronics,West,1,632.00,81.54
1/31/2024,Printer,Office,West,8,6160.00,947.96
5/26/2023,Printer,Office,South,1,857.00,172.91
1/28/2023,Tablet,Electronics,East,1,169.00,22.99
10/1/2023,Tablet,Electronics,West,7,1463.00,175.13
12/18/2022,Camera,Electronics,East,8,7528.00,1283.07
12/24/2022,Smartwatch,Electronics,West,2,1158.00,227.61
6/17/2022,Monitor,Accessories,West,4,200.00,20.25
1/1/2023,Smartphone,Electronics,West,2,1514.00,180.67
7/7/2024,Smartwatch,Electronics,South,7,2632.00,738.93
7/31/2022,Keyboard,Accessories,North,1,358.00,77.84
6/4/2023,Camera,Electronics,East,8,2360.00,653.30
8/29/2023,Keyboard,Accessories,South,5,5275.00,594.29
4/6/2023,Monitor,Accessories,East,9,1719.00,251.85
2/4/2023,Smartphone,Electronics,West,6,1956.00,434.03
8/27/2022,Keyboard,Accessories,West,3,1875.00,152.07
6/13/2022,Monitor,Accessories,South,4,984.00,157.72
8/20/2023,Camera,Electronics,South,4,3616.00,789.63
10/18/2024,Tablet,Electronics,West,5,4560.00,1180.80
9/14/2024,Smartphone,Electronics,West,8,7496.00,2019.32
8/17/2022,Camera,Electronics,North,5,5070.00,889.97
4/21/2022,Smartwatch,Electronics,North,5,4505.00,1351.28
1/13/2022,Tablet,Electronics,South,2,1916.00,503.83
8/28/2024,Camera,Electronics,West,7,8113.00,1103.57
8/13/2022,Laptop,Electronics,North,9,1809.00,392.44
9/1/2023,Laptop,Electronics,South,3,1227.00,229.75
7/20/2023,Laptop,Electronics,South,6,2040.00,124.65
12/22/2022,Tablet,Electronics,West,6,6324.00,629.20
3/25/2023,Printer,Office,North,3,2724.00,521.24
5/14/2023,Laptop,Electronics,South,1,1188.00,110.32
1/23/2024,Keyboard,Accessories,East,8,8776.00,1561.07
3/25/2023,Laptop,Electronics,South,9,5553.00,1432.76
8/27/2022,Smartphone,Electronics,South,2,970.00,262.19
7/15/2022,Keyboard,Accessories,South,5,940.00,56.70
7/8/2024,Printer,Office,East,1,1175.00,171.51
11/7/2022,Laptop,Electronics,East,9,4860.00,1425.54
10/18/2022,Headphones,Accessories,North,1,987.00,207.69
5/17/2024,Camera,Electronics,East,7,2968.00,485.13
3/9/2022,Mouse,Accessories,East,3,2172.00,364.77
1/1/2022,Headphones,Accessories,South,7,3941.00,628.96
6/22/2022,Headphones,Accessories,North,7,2261.00,566.36
7/15/2022,Smartwatch,Electronics,West,9,8802.00,2519.93
3/15/2023,Printer,Office,South,5,3025.00,172.43
1/16/2022,Printer,Office,North,4,4428.00,600.55
10/28/2024,Mouse,Accessories,West,9,7344.00,1417.84
8/23/2024,Keyboard,Accessories,East,4,2236.00,167.78
11/24/2024,Smartphone,Electronics,South,8,536.00,57.08
10/20/2024,Monitor,Accessories,North,5,1980.00,249.22
1/26/2022,Printer,Office,East,6,2100.00,202.86
4/16/2023,Smartwatch,Electronics,West,3,1497.00,122.76
7/18/2024,Laptop,Electronics,North,6,4200.00,1013.70
11/21/2022,Headphones,Accessories,South,2,1242.00,191.82
11/29/2022,Smartwatch,Electronics,South,5,1570.00,312.81
7/1/2023,Monitor,Accessories,East,4,428.00,86.62
2/2/2023,Printer,Office,South,1,914.00,270.74
12/13/2024,Tablet,Electronics,North,3,465.00,98.93
8/27/2022,Smartwatch,Electronics,North,2,1062.00,83.49
5/26/2022,Camera,Electronics,South,8,8720.00,1984.11
2/4/2024,Mouse,Accessories,South,6,1308.00,343.61
12/12/2024,Headphones,Accessories,South,9,8514.00,1291.97
2/7/2023,Tablet,Electronics,North,2,1212.00,151.07
4/24/2023,Headphones,Accessories,West,4,2576.00,503.57
9/26/2023,Keyboard,Accessories,East,8,4800.00,606.19
10/2/2022,Smartwatch,Electronics,East,5,1440.00,274.54
9/12/2022,Smartwatch,Electronics,North,9,10251.00,737.45
1/18/2023,Smartphone,Electronics,North,7,3038.00,570.98
11/24/2022,Monitor,Accessories,West,9,6993.00,1945.56
3/7/2024,Monitor,Accessories,East,4,1632.00,247.88
10/7/2024,Keyboard,Accessories,East,9,5706.00,1704.80
8/29/2022,Camera,Electronics,North,9,9657.00,1187.22
1/31/2022,Smartwatch,Electronics,East,5,4405.00,450.83
12/14/2023,Keyboard,Accessories,East,4,1720.00,360.78
8/13/2023,Camera,Electronics,South,7,4557.00,234.62
12/12/2024,Headphones,Accessories,West,7,2380.00,431.43
2/11/2022,Headphones,Accessories,North,8,456.00,74.99
11/16/2023,Camera,Electronics,East,6,6534.00,355.03
3/4/2022,Smartphone,Electronics,North,6,3456.00,307.46
6/29/2022,Keyboard,Accessories,West,9,8163.00,2352.46
8/28/2023,Headphones,Accessories,North,6,4656.00,601.71
9/16/2022,Smartphone,Electronics,West,2,966.00,241.54
12/2/2022,Mouse,Accessories,East,4,2580.00,669.67
10/2/2022,Camera,Electronics,South,9,8127.00,1906.50
5/19/2022,Smartwatch,Electronics,South,4,2128.00,614.05
6/5/2022,Smartphone,Electronics,South,9,6417.00,1100.52
6/11/2022,Keyboard,Accessories,East,7,3997.00,494.78
3/14/2023,Laptop,Electronics,West,1,879.00,149.52
11/17/2023,Laptop,Electronics,North,3,2415.00,538.39
9/27/2024,Camera,Electronics,West,4,1064.00,314.84
2/17/2022,Mouse,Accessories,South,4,1156.00,326.92
5/12/2022,Smartphone,Electronics,North,1,1184.00,218.27
2/5/2022,Keyboard,Accessories,South,3,1950.00,211.16
8/29/2022,Laptop,Electronics,South,4,1088.00,295.09
12/4/2023,Printer,Office,South,6,4380.00,522.30
4/20/2024,Camera,Electronics,South,1,998.00,196.17
5/25/2024,Smartphone,Electronics,East,6,5766.00,675.17
10/9/2024,Tablet,Electronics,West,6,3120.00,274.65
3/7/2022,Printer,Office,East,7,637.00,68.11
10/26/2023,Laptop,Electronics,West,6,3306.00,697.74
5/31/2022,Monitor,Accessories,South,6,7020.00,726.72
9/16/2022,Camera,Electronics,South,7,5971.00,502.14
11/22/2023,Laptop,Electronics,North,2,750.00,77.68
4/26/2024,Tablet,Electronics,North,3,2379.00,523.00
8/21/2022,Camera,Electronics,North,1,699.00,108.94
1/16/2023,Camera,Electronics,West,9,6876.00,1895.24
2/2/2022,Monitor,Accessories,North,8,1800.00,494.02
7/11/2024,Tablet,Electronics,South,5,1255.00,236.25
6/4/2022,Smartwatch,Electronics,East,9,1998.00,343.58
11/26/2022,Headphones,Accessories,East,1,307.00,80.19
6/25/2024,Printer,Office,West,1,235.00,54.87
11/1/2023,Monitor,Accessories,South,6,1506.00,407.73
10/26/2024,Tablet,Electronics,North,8,2464.00,216.51
5/12/2023,Smartwatch,Electronics,South,2,322.00,42.03
3/4/2023,Printer,Office,West,4,1100.00,100.02
3/8/2022,Keyboard,Accessories,South,4,2188.00,265.54
12/22/2023,Printer,Office,West,9,2934.00,473.34
11/4/2022,Headphones,Accessories,South,8,9224.00,514.06
12/15/2022,Monitor,Accessories,East,4,2436.00,142.81
9/23/2022,Smartwatch,Electronics,West,4,972.00,97.55
10/3/2024,Laptop,Electronics,South,6,5484.00,540.40
10/17/2024,Camera,Electronics,West,8,3152.00,337.36
3/22/2024,Keyboard,Accessories,East,8,6032.00,870.17
4/10/2023,Camera,Electronics,West,7,6384.00,1324.49
7/10/2023,Printer,Office,East,5,3705.00,707.08
11/4/2022,Smartwatch,Electronics,South,6,5580.00,394.03
4/16/2022,Camera,Electronics,East,2,1236.00,120.74
4/2/2023,Camera,Electronics,North,8,7040.00,1969.93
6/11/2024,Camera,Electronics,East,9,909.00,138.04
12/26/2024,Mouse,Accessories,South,1,106.00,7.24
11/12/2024,Smartwatch,Electronics,South,1,281.00,67.85
9/25/2022,Camera,Electronics,East,6,6768.00,1851.01
3/7/2023,Laptop,Electronics,West,6,4302.00,276.35
11/19/2022,Smartphone,Electronics,North,9,7146.00,2125.44
2/16/2023,Smartphone,Electronics,South,3,582.00,48.08
8/1/2024,Headphones,Accessories,North,6,576.00,162.75
9/24/2023,Keyboard,Accessories,South,5,4265.00,796.12
6/24/2023,Smartwatch,Electronics,East,8,5368.00,333.53
12/4/2023,Headphones,Accessories,South,1,314.00,66.23
12/24/2024,Tablet,Electronics,West,6,2676.00,646.70
2/13/2022,Laptop,Electronics,North,4,3384.00,947.52
7/20/2023,Mouse,Accessories,West,6,3186.00,794.94
12/20/2024,Smartwatch,Electronics,South,4,1832.00,528.69
11/2/2024,Printer,Office,South,8,4784.00,769.91
2/16/2024,Tablet,Electronics,West,1,381.00,63.18
11/29/2022,Smartphone,Electronics,South,9,4527.00,677.34
5/25/2022,Printer,Office,South,4,1612.00,240.42
10/4/2023,Printer,Office,East,2,1918.00,435.56
1/4/2024,Camera,Electronics,East,1,179.00,42.37
5/31/2024,Smartwatch,Electronics,West,3,3153.00,224.29
4/18/2023,Tablet,Electronics,East,8,3864.00,855.75
5/13/2023,Printer,Office,South,5,2440.00,570.78
3/31/2023,Camera,Electronics,South,6,3660.00,675.38
8/3/2024,Smartwatch,Electronics,East,3,318.00,49.93
12/16/2023,Mouse,Accessories,South,3,483.00,63.27
8/21/2024,Headphones,Accessories,North,6,6774.00,960.41
1/2/2024,Monitor,Accessories,West,5,5310.00,806.12
3/6/2024,Keyboard,Accessories,West,6,5154.00,779.43
9/19/2023,Keyboard,Accessories,East,9,6741.00,823.17
5/13/2022,Camera,Electronics,North,2,520.00,61.33
6/19/2024,Tablet,Electronics,East,7,1120.00,111.79
7/12/2022,Keyboard,Accessories,East,1,911.00,155.30
3/21/2022,Monitor,Accessories,South,8,1064.00,190.73
4/28/2024,Laptop,Electronics,North,7,1981.00,404.30
4/20/2022,Camera,Electronics,South,5,4280.00,540.47
6/25/2024,Smartwatch,Electronics,South,5,5125.00,268.39
12/26/2024,Monitor,Accessories,West,7,1575.00,313.96
4/28/2024,Tablet,Electronics,East,9,9972.00,1868.64
10/1/2022,Smartphone,Electronics,East,8,4576.00,900.04
6/1/2024,Monitor,Accessories,South,7,6559.00,1141.32
7/20/2023,Tablet,Electronics,South,1,619.00,35.36
6/9/2024,Headphones,Accessories,West,8,2488.00,151.95
10/29/2022,Mouse,Accessories,West,4,2536.00,148.85
2/3/2022,Tablet,Electronics,West,8,5416.00,297.50
2/13/2023,Smartwatch,Electronics,East,2,2334.00,158.07
7/28/2022,Camera,Electronics,East,9,1080.00,183.42
5/8/2024,Tablet,Electronics,South,4,1324.00,127.07
7/16/2023,Camera,Electronics,West,2,2304.00,444.08
2/21/2024,Smartphone,Electronics,East,4,4736.00,1026.24
8/14/2023,Mouse,Accessories,West,9,2925.00,457.49
1/27/2023,Laptop,Electronics,East,9,6345.00,1627.26
6/13/2022,Headphones,Accessories,East,9,4221.00,912.84
12/6/2022,Headphones,Accessories,South,7,462.00,56.89
5/13/2022,Monitor,Accessories,North,7,7588.00,1625.55
12/12/2022,Keyboard,Accessories,North,6,5232.00,1270.64
8/1/2024,Camera,Electronics,East,8,1440.00,402.06
3/31/2023,Monitor,Accessories,North,2,1026.00,226.40
9/21/2024,Camera,Electronics,North,7,7455.00,1008.42
11/29/2023,Printer,Office,East,8,2456.00,404.35
11/1/2022,Camera,Electronics,North,3,2859.00,404.56
1/8/2024,Keyboard,Accessories,East,1,311.00,50.66
10/28/2022,Printer,Office,East,9,1260.00,246.60
1/18/2022,Keyboard,Accessories,South,1,466.00,102.48
2/22/2023,Laptop,Electronics,West,3,867.00,58.20
2/24/2023,Monitor,Accessories,South,6,3888.00,275.72
4/12/2024,Tablet,Electronics,North,4,3032.00,347.20
12/22/2023,Tablet,Electronics,North,7,4704.00,978.81
10/27/2022,Printer,Office,West,3,3186.00,527.75
8/18/2024,Printer,Office,North,9,6183.00,359.54
10/14/2022,Smartwatch,Electronics,West,1,243.00,21.75
6/20/2023,Smartphone,Electronics,North,3,897.00,235.67
12/19/2023,Headphones,Accessories,West,9,4563.00,675.62
9/18/2022,Laptop,Electronics,South,4,628.00,156.98
12/21/2024,Monitor,Accessories,East,6,1050.00,172.83
5/16/2022,Monitor,Accessories,North,8,3032.00,278.85
9/27/2023,Keyboard,Accessories,West,1,920.00,118.24
3/2/2024,Laptop,Electronics,South,2,668.00,90.67
5/31/2024,Mouse,Accessories,East,5,5990.00,1403.53
3/4/2024,Tablet,Electronics,South,9,9324.00,1223.90
4/11/2023,Keyboard,Accessories,East,8,5768.00,368.49
5/1/2024,Laptop,Electronics,North,1,1123.00,318.09
12/20/2024,Keyboard,Accessories,West,4,2336.00,453.04
11/22/2023,Laptop,Electronics,West,6,438.00,26.03
12/23/2022,Tablet,Electronics,North,6,5940.00,318.72
6/22/2022,Camera,Electronics,West,3,1848.00,549.34
3/17/2023,Keyboard,Accessories,North,3,2118.00,321.05
1/16/2022,Smartphone,Electronics,North,3,231.00,36.73
1/12/2024,Headphones,Accessories,South,6,978.00,182.46
5/22/2023,Monitor,Accessories,North,5,4960.00,420.98
3/9/2022,Camera,Electronics,South,3,1377.00,330.44
2/9/2023,Camera,Electronics,West,2,1958.00,227.77
6/12/2023,Mouse,Accessories,West,7,5607.00,1288.04
11/24/2022,Smartwatch,Electronics,South,6,3504.00,980.70
11/21/2024,Mouse,Accessories,North,4,796.00,75.15
8/14/2024,Monitor,Accessories,North,1,342.00,37.64
8/14/2024,Monitor,Accessories,South,7,6769.00,1549.67
8/29/2023,Headphones,Accessories,South,9,10080.00,1794.73
1/11/2024,Smartwatch,Electronics,East,7,3948.00,758.36
6/27/2023,Headphones,Accessories,South,4,1488.00,74.52
1/17/2024,Mouse,Accessories,South,5,1200.00,201.80
1/10/2023,Smartwatch,Electronics,North,4,4476.00,977.60
8/1/2023,Monitor,Accessories,West,1,1178.00,292.15
12/26/2024,Smartwatch,Electronics,South,8,2888.00,149.92
12/13/2024,Smartphone,Electronics,South,6,1704.00,193.18
10/17/2022,Printer,Office,West,8,4200.00,1017.94
3/12/2024,Keyboard,Accessories,East,7,4417.00,562.79
5/20/2024,Camera,Electronics,West,4,764.00,178.83
6/28/2024,Headphones,Accessories,South,4,4000.00,964.43
10/21/2024,Monitor,Accessories,East,9,2331.00,558.00
1/31/2023,Mouse,Accessories,West,9,8172.00,1296.29
12/20/2024,Laptop,Electronics,North,1,761.00,61.15
11/25/2023,Camera,Electronics,East,2,494.00,56.41
9/5/2023,Headphones,Accessories,East,2,194.00,52.16
3/20/2024,Tablet,Electronics,West,6,5820.00,1423.67
4/11/2022,Camera,Electronics,North,5,410.00,121.77
12/6/2024,Smartphone,Electronics,East,6,1254.00,360.87
6/4/2022,Tablet,Electronics,East,6,3432.00,452.40
3/22/2024,Camera,Electronics,North,4,3792.00,997.99
11/19/2024,Tablet,Electronics,West,7,546.00,117.90
2/24/2022,Smartwatch,Electronics,East,3,1452.00,217.06
11/14/2022,Keyboard,Accessories,West,8,9296.00,1556.05
12/1/2023,Mouse,Accessories,North,1,1160.00,149.81
1/14/2024,Laptop,Electronics,West,6,4728.00,682.01
2/12/2023,Camera,Electronics,North,6,1836.00,508.81
9/13/2023,Smartwatch,Electronics,South,7,6237.00,1784.89
9/1/2024,Laptop,Electronics,West,5,5845.00,941.79
12/27/2023,Monitor,Accessories,South,9,6138.00,851.14
3/23/2022,Camera,Electronics,West,2,1416.00,136.75
12/27/2024,Keyboard,Accessories,West,3,1851.00,348.90
11/10/2022,Printer,Office,South,9,7452.00,1259.82
11/29/2023,Tablet,Electronics,North,5,1630.00,190.38
8/16/2022,Camera,Electronics,West,6,4800.00,930.44
11/23/2023,Smartwatch,Electronics,South,1,61.00,16.11
9/21/2023,Monitor,Accessories,East,6,942.00,80.27
7/30/2023,Smartphone,Electronics,South,8,7640.00,1663.63
5/12/2022,Camera,Electronics,South,5,4540.00,939.71
11/27/2022,Headphones,Accessories,North,1,1030.00,190.47
9/20/2023,Printer,Office,North,2,384.00,30.84
11/24/2024,Smartwatch,Electronics,West,8,8560.00,991.94
8/23/2022,Camera,Electronics,West,9,1557.00,117.36
5/4/2023,Tablet,Electronics,East,7,707.00,124.59
8/5/2022,Mouse,Accessories,West,5,3405.00,476.39
11/15/2024,Tablet,Electronics,West,6,4722.00,522.16
1/4/2022,Headphones,Accessories,North,2,2150.00,625.93
11/4/2022,Monitor,Accessories,West,7,3619.00,827.39
8/9/2023,Smartwatch,Electronics,South,4,3892.00,909.22
8/2/2022,Camera,Electronics,South,1,54.00,13.29
12/4/2023,Keyboard,Accessories,South,1,612.00,136.25
9/3/2022,Monitor,Accessories,East,5,3850.00,419.55
4/20/2024,Camera,Electronics,East,5,3005.00,389.93
7/15/2024,Headphones,Accessories,North,9,5256.00,1296.65
3/13/2023,Printer,Office,East,6,3576.00,1033.30
11/8/2022,Tablet,Electronics,West,5,3415.00,496.48
1/13/2023,Camera,Electronics,West,3,1722.00,203.04
4/14/2022,Mouse,Accessories,East,8,4088.00,853.36
2/9/2024,Headphones,Accessories,West,5,5320.00,882.84
11/27/2022,Mouse,Accessories,West,6,3660.00,1079.00
5/13/2024,Camera,Electronics,West,6,5250.00,1228.49
4/17/2022,Laptop,Electronics,North,4,328.00,90.89
9/29/2023,Smartphone,Electronics,West,7,1596.00,359.71
2/11/2023,Printer,Office,South,7,2443.00,661.21
7/23/2023,Smartwatch,Electronics,East,7,5432.00,870.08
4/4/2022,Printer,Office,North,3,1254.00,221.19
2/19/2022,Tablet,Electronics,East,5,5495.00,1276.27
12/7/2023,Headphones,Accessories,North,4,596.00,72.65
10/18/2024,Printer,Office,South,6,3696.00,597.66
4/18/2022,Mouse,Accessories,North,6,4488.00,939.05
10/18/2023,Camera,Electronics,West,6,6846.00,932.21
12/29/2023,Mouse,Accessories,West,8,2960.00,607.64
7/31/2023,Smartphone,Electronics,South,1,419.00,99.50
9/3/2024,Laptop,Electronics,West,6,6246.00,327.14
9/12/2022,Tablet,Electronics,South,4,1900.00,372.18
6/8/2023,Monitor,Accessories,North,7,3451.00,397.29
11/24/2024,Smartphone,Electronics,West,2,1612.00,344.37
8/13/2022,Laptop,Electronics,South,5,4445.00,642.83
8/6/2024,Smartwatch,Electronics,North,5,720.00,63.84
4/16/2024,Mouse,Accessories,East,2,1428.00,234.49
12/27/2024,Tablet,Electronics,East,4,3532.00,665.20
9/8/2024,Camera,Electronics,North,6,6528.00,549.62
9/4/2023,Monitor,Accessories,East,1,743.00,216.50
10/13/2023,Smartwatch,Electronics,East,6,1758.00,287.36
11/29/2023,Headphones,Accessories,South,8,1008.00,100.61
10/21/2024,Smartphone,Electronics,East,1,995.00,149.86
10/5/2024,Keyboard,Accessories,West,9,4032.00,876.91
10/29/2022,Smartphone,Electronics,East,6,480.00,131.08
10/25/2024,Laptop,Electronics,East,1,989.00,149.99
1/24/2022,Smartphone,Electronics,North,9,6606.00,759.55
2/6/2024,Smartwatch,Electronics,East,6,912.00,256.58
7/21/2022,Mouse,Accessories,South,4,2912.00,331.11
2/3/2023,Camera,Electronics,West,5,845.00,69.35
8/10/2023,Monitor,Accessories,South,4,2804.00,382.82
12/28/2024,Laptop,Electronics,East,2,208.00,11.53
11/19/2022,Smartwatch,Electronics,East,1,379.00,42.24
5/18/2024,Mouse,Accessories,West,3,1227.00,113.38
8/3/2023,Headphones,Accessories,East,7,5551.00,392.37
8/6/2022,Headphones,Accessories,West,1,423.00,115.44
1/26/2022,Headphones,Accessories,West,6,5982.00,944.81
12/7/2022,Smartphone,Electronics,West,4,3732.00,468.60
3/2/2023,Printer,Office,North,9,5904.00,1152.23
2/1/2024,Headphones,Accessories,East,5,1810.00,171.47
1/30/2023,Smartphone,Electronics,South,6,5604.00,615.07
4/28/2022,Laptop,Electronics,West,2,432.00,81.31
11/27/2024,Keyboard,Accessories,East,2,416.00,68.58
9/7/2022,Monitor,Accessories,North,8,1224.00,281.43
3/12/2022,Printer,Office,West,8,5168.00,672.60
11/10/2022,Monitor,Accessories,East,6,6522.00,502.98
9/3/2022,Keyboard,Accessories,South,5,1090.00,140.70
9/30/2024,Laptop,Electronics,South,3,1737.00,353.17
3/8/2024,Printer,Office,West,9,7281.00,1358.17
3/19/2024,Smartwatch,Electronics,South,9,5832.00,1007.54
7/21/2024,Printer,Office,East,9,7020.00,623.97
6/7/2023,Mouse,Accessories,South,3,2001.00,420.08
8/13/2024,Monitor,Accessories,West,2,1832.00,489.21
5/5/2024,Smartwatch,Electronics,East,6,3372.00,934.42
12/20/2024,Tablet,Electronics,West,6,3384.00,503.86
11/30/2024,Monitor,Accessories,East,1,351.00,31.95
12/16/2024,Camera,Electronics,South,2,2092.00,549.42
3/19/2023,Monitor,Accessories,South,7,1309.00,138.46
4/28/2024,Keyboard,Accessories,North,9,6696.00,407.36
9/29/2022,Keyboard,Accessories,East,5,1020.00,162.36
5/30/2022,Keyboard,Accessories,East,8,8240.00,2006.72
10/7/2022,Headphones,Accessories,South,9,9810.00,1008.60
1/13/2023,Tablet,Electronics,West,1,853.00,97.50
1/6/2023,Camera,Electronics,East,4,4416.00,1081.53
1/11/2023,Headphones,Accessories,North,8,3832.00,741.44
12/16/2024,Monitor,Accessories,South,4,1876.00,221.18
3/14/2024,Laptop,Electronics,South,3,2634.00,392.21
8/26/2023,Laptop,Electronics,North,1,1027.00,259.92
7/10/2023,Printer,Office,West,5,3100.00,911.86
3/18/2022,Mouse,Accessories,West,1,104.00,29.67
6/18/2024,Mouse,Accessories,East,2,1590.00,147.20
8/20/2024,Camera,Electronics,South,4,1104.00,63.57
9/18/2024,Smartphone,Electronics,South,3,1851.00,198.71
11/6/2024,Smartphone,Electronics,South,2,1408.00,193.09
5/24/2022,Laptop,Electronics,South,7,4641.00,1341.98
10/1/2022,Tablet,Electronics,West,7,2611.00,539.37
12/5/2023,Laptop,Electronics,North,4,3824.00,711.92
3/8/2023,Smartphone,Electronics,East,2,2042.00,501.34
7/30/2023,Tablet,Electronics,North,6,6378.00,1408.28
3/14/2023,Camera,Electronics,East,4,4692.00,409.07
6/30/2024,Laptop,Electronics,West,6,6234.00,1829.07
9/25/2024,Smartphone,Electronics,West,4,1852.00,535.07
2/5/2022,Monitor,Accessories,South,3,3075.00,804.06
10/24/2023,Printer,Office,North,5,370.00,92.45
12/11/2024,Keyboard,Accessories,North,6,624.00,66.99
7/13/2023,Smartwatch,Electronics,South,2,1734.00,310.76
5/5/2023,Printer,Office,West,9,2268.00,361.62
8/31/2022,Camera,Electronics,East,5,3670.00,924.95
8/16/2024,Smartwatch,Electronics,North,7,4634.00,1358.44
1/20/2024,Headphones,Accessories,North,9,1440.00,94.41
4/11/2023,Laptop,Electronics,West,6,5136.00,1225.40
9/20/2024,Smartphone,Electronics,East,1,166.00,31.72
2/3/2022,Keyboard,Accessories,East,3,1422.00,328.98
9/11/2023,Headphones,Accessories,East,8,1832.00,532.97
10/29/2022,Printer,Office,South,1,668.00,94.08
12/22/2024,Camera,Electronics,West,6,1272.00,336.30
6/26/2023,Keyboard,Accessories,North,8,984.00,72.54
7/25/2024,Printer,Office,South,7,7896.00,484.76
11/12/2022,Smartphone,Electronics,North,1,636.00,42.40
8/5/2023,Laptop,Electronics,North,3,2031.00,450.23
2/23/2022,Mouse,Accessories,West,9,3186.00,483.22
5/6/2022,Headphones,Accessories,South,1,134.00,33.12
4/27/2024,Tablet,Electronics,South,5,1765.00,347.42
7/28/2023,Keyboard,Accessories,East,4,3628.00,717.81
12/6/2024,Monitor,Accessories,West,4,1000.00,198.92
3/8/2023,Camera,Electronics,North,2,2134.00,119.89
5/25/2023,Smartwatch,Electronics,North,7,6706.00,1687.22
11/3/2024,Laptop,Electronics,East,3,321.00,72.13
2/19/2023,Camera,Electronics,South,3,3126.00,710.14
11/5/2023,Monitor,Accessories,South,7,5446.00,697.21
5/2/2023,Tablet,Electronics,East,1,1131.00,140.55
7/24/2023,Printer,Office,East,2,1946.00,141.75
9/16/2023,Laptop,Electronics,North,7,6818.00,1348.26
3/29/2023,Smartphone,Electronics,East,7,2317.00,677.61
1/27/2023,Smartwatch,Electronics,East,6,396.00,89.51
11/16/2023,Smartphone,Electronics,South,1,558.00,49.81
3/21/2023,Smartphone,Electronics,East,9,2034.00,593.13
6/1/2022,Mouse,Accessories,West,8,6080.00,1171.93
2/4/2023,Smartwatch,Electronics,East,2,1378.00,183.10
3/4/2024,Monitor,Accessories,East,3,483.00,120.11
10/19/2022,Keyboard,Accessories,South,8,7864.00,1615.58
1/27/2022,Printer,Office,North,2,1268.00,141.76
10/6/2022,Printer,Office,West,6,3774.00,606.94
9/16/2023,Smartwatch,Electronics,East,9,9090.00,727.64
1/10/2024,Camera,Electronics,North,5,3720.00,1077.21
7/2/2022,Smartphone,Electronics,East,8,8896.00,1825.26
10/1/2024,Mouse,Accessories,South,4,3264.00,639.80
3/4/2023,Printer,Office,West,2,146.00,15.48
5/26/2024,Headphones,Accessories,East,3,1683.00,129.64
1/10/2022,Camera,Electronics,West,7,6076.00,788.14
7/19/2023,Smartwatch,Electronics,West,2,2388.00,492.54
7/11/2023,Smartphone,Electronics,East,6,882.00,180.63
6/5/2022,Laptop,Electronics,West,3,3561.00,206.87
10/20/2024,Tablet,Electronics,East,7,3395.00,350.26
1/31/2022,Smartphone,Electronics,South,6,3366.00,460.75
11/30/2022,Mouse,Accessories,East,2,630.00,144.14
7/14/2023,Camera,Electronics,South,1,440.00,34.74
9/22/2024,Smartwatch,Electronics,East,6,6462.00,1466.15
12/29/2024,Monitor,Accessories,South,6,5004.00,1197.36
2/16/2022,Laptop,Electronics,South,8,1840.00,461.21
11/6/2022,Tablet,Electronics,South,7,4466.00,763.14
12/27/2022,Tablet,Electronics,South,6,3048.00,823.36
6/3/2024,Mouse,Accessories,South,7,4977.00,516.70
7/1/2022,Keyboard,Accessories,South,3,2010.00,387.31
1/30/2022,Camera,Electronics,South,8,5352.00,1133.57
1/7/2024,Camera,Electronics,North,4,4136.00,294.21
4/30/2022,Camera,Electronics,West,8,6336.00,439.42
11/28/2023,Laptop,Electronics,East,9,5481.00,1540.75
10/15/2024,Camera,Electronics,West,6,6366.00,318.97
9/20/2023,Printer,Office,West,1,623.00,81.24
12/20/2024,Mouse,Accessories,South,3,237.00,49.94
3/18/2022,Keyboard,Accessories,North,9,8370.00,1525.80
4/11/2023,Headphones,Accessories,South,5,4965.00,774.74
8/4/2024,Camera,Electronics,South,7,7791.00,1844.69
9/29/2024,Smartphone,Electronics,West,1,158.00,32.89
3/11/2023,Keyboard,Accessories,West,7,4347.00,712.79
9/13/2022,Smartphone,Electronics,East,4,3364.00,527.28
7/29/2023,Camera,Electronics,South,3,1098.00,77.81
5/14/2022,Headphones,Accessories,West,3,1083.00,257.44
9/9/2022,Laptop,Electronics,East,4,1628.00,314.96
11/19/2024,Keyboard,Accessories,South,4,1472.00,387.27
9/19/2024,Printer,Office,West,9,3753.00,1114.87
7/3/2023,Monitor,Accessories,South,6,6402.00,1602.79
4/17/2024,Monitor,Accessories,West,3,2565.00,510.73
10/18/2024,Mouse,Accessories,South,3,2214.00,127.34
6/16/2024,Monitor,Accessories,West,3,975.00,291.81
10/14/2023,Printer,Office,East,8,3312.00,854.12
10/12/2023,Printer,Office,East,1,267.00,41.85
4/11/2022,Smartphone,Electronics,East,9,8145.00,2384.42
1/6/2022,Printer,Office,North,1,232.00,34.26
10/6/2024,Smartphone,Electronics,North,3,300.00,38.44
2/27/2024,Monitor,Accessories,East,2,2248.00,473.21
10/10/2023,Monitor,Accessories,North,6,1614.00,166.62
5/3/2022,Monitor,Accessories,West,2,1476.00,195.74
11/5/2024,Printer,Office,South,5,4375.00,347.43
9/3/2024,Smartwatch,Electronics,North,4,1064.00,263.48
10/4/2022,Headphones,Accessories,North,6,1068.00,190.77
12/17/2023,Keyboard,Accessories,East,1,190.00,27.43
6/27/2022,Printer,Office,South,7,7868.00,862.38
12/3/2024,Keyboard,Accessories,North,3,1239.00,143.35
9/10/2023,Monitor,Accessories,East,2,1394.00,408.32
2/7/2024,Smartphone,Electronics,North,5,2060.00,403.19
6/9/2023,Laptop,Electronics,East,1,1060.00,57.26
12/16/2022,Monitor,Accessories,North,7,7812.00,1478.43
6/17/2024,Camera,Electronics,North,7,7077.00,804.15
6/10/2023,Smartphone,Electronics,West,7,5712.00,929.42
1/22/2023,Printer,Office,North,6,4146.00,966.79
6/18/2024,Tablet,Electronics,West,2,992.00,238.18
4/13/2022,Smartwatch,Electronics,North,2,1756.00,165.60
4/9/2023,Monitor,Accessories,West,4,3632.00,566.81
3/17/2024,Headphones,Accessories,East,4,3912.00,550.09
5/19/2023,Printer,Office,North,9,3123.00,741.23
9/20/2022,Printer,Office,West,4,700.00,120.19
11/2/2022,Tablet,Electronics,South,8,408.00,83.16
12/18/2022,Smartphone,Electronics,South,4,4056.00,768.81
5/7/2024,Laptop,Electronics,West,1,770.00,121.75
2/7/2022,Smartwatch,Electronics,North,3,531.00,73.35
6/3/2023,Monitor,Accessories,South,5,280.00,79.77
4/1/2024,Laptop,Electronics,East,7,4550.00,892.73
4/7/2023,Smartwatch,Electronics,West,5,2480.00,601.66
5/18/2022,Printer,Office,West,6,2604.00,305.73
2/25/2022,Keyboard,Accessories,West,7,1351.00,310.03
9/3/2023,Monitor,Accessories,South,5,4615.00,251.00
3/22/2024,Mouse,Accessories,West,1,829.00,165.05
3/15/2024,Camera,Electronics,West,3,177.00,43.41
12/23/2022,Headphones,Accessories,West,1,1086.00,161.05
4/26/2023,Laptop,Electronics,South,5,275.00,64.90
12/15/2022,Mouse,Accessories,North,1,564.00,164.50
8/13/2024,Keyboard,Accessories,South,2,684.00,71.39
10/20/2023,Laptop,Electronics,South,4,2656.00,687.63
7/12/2024,Laptop,Electronics,West,5,1190.00,346.79
12/1/2024,Printer,Office,South,6,4854.00,510.88
2/14/2024,Printer,Office,West,5,1060.00,217.96
8/31/2024,Laptop,Electronics,South,3,1527.00,364.05
10/19/2023,Mouse,Accessories,East,4,1168.00,177.54
4/16/2023,Tablet,Electronics,South,8,6328.00,1257.81
6/17/2024,Smartphone,Electronics,North,3,2193.00,477.95
4/28/2023,Smartwatch,Electronics,East,8,7600.00,1099.88
3/15/2023,Printer,Office,West,9,1764.00,322.11
5/20/2022,Keyboard,Accessories,East,2,1270.00,84.29
1/21/2023,Tablet,Electronics,North,1,607.00,33.77
3/23/2023,Mouse,Accessories,South,2,1672.00,469.64
6/28/2023,Keyboard,Accessories,South,6,5718.00,1358.26
4/30/2022,Headphones,Accessories,South,8,584.00,107.27
3/24/2023,Camera,Electronics,West,7,7455.00,966.64
3/25/2022,Keyboard,Accessories,North,7,7679.00,2270.08
6/2/2022,Tablet,Electronics,West,7,847.00,154.05
7/31/2022,Mouse,Accessories,West,3,1278.00,178.78
1/21/2024,Keyboard,Accessories,East,8,6592.00,1024.82
9/13/2023,Monitor,Accessories,East,8,3544.00,454.14
12/19/2023,Camera,Electronics,West,3,1959.00,274.27
8/2/2022,Mouse,Accessories,South,6,3384.00,924.03
11/25/2023,Smartphone,Electronics,North,1,307.00,50.20
7/29/2022,Camera,Electronics,West,9,10017.00,1468.72
11/4/2024,Tablet,Electronics,South,7,7931.00,504.39
10/20/2024,Laptop,Electronics,North,2,1168.00,198.40
3/19/2024,Smartphone,Electronics,South,9,9765.00,909.99
9/21/2023,Tablet,Electronics,South,8,1456.00,271.26
12/11/2022,Smartphone,Electronics,South,5,950.00,61.90
6/24/2022,Smartwatch,Electronics,West,2,2314.00,600.76
10/6/2023,Smartwatch,Electronics,North,1,915.00,264.30
12/6/2022,Laptop,Electronics,North,1,290.00,61.14
1/15/2022,Tablet,Electronics,North,7,3584.00,940.88
3/4/2024,Mouse,Accessories,West,6,1254.00,205.57
1/24/2023,Laptop,Electronics,North,5,2410.00,636.83
10/1/2023,Printer,Office,North,2,800.00,118.68
6/28/2022,Smartwatch,Electronics,West,5,990.00,87.61
5/14/2023,Laptop,Electronics,West,9,9702.00,2771.49
9/4/2023,Keyboard,Accessories,East,8,5888.00,354.27
9/20/2023,Tablet,Electronics,East,4,1768.00,345.33
6/1/2022,Headphones,Accessories,North,2,1022.00,76.04
12/3/2023,Tablet,Electronics,North,3,2883.00,671.91
2/15/2023,Monitor,Accessories,North,4,4064.00,771.16
9/18/2022,Monitor,Accessories,East,1,1117.00,119.89
4/12/2022,Laptop,Electronics,South,4,260.00,66.02
1/18/2022,Printer,Office,South,3,222.00,50.28
11/1/2024,Smartwatch,Electronics,East,9,10530.00,1777.32
